Name,Country,Discipline,Event
ABAD EXPOSITO Iker Miquel,Ireland,Taekwondo,
ABARCA Megan,United States,Artistic Swimming,Duet
ABDELFATTAH Aziza,Egypt,Artistic Swimming,Team
ABDELMEGUID Zakaria,Egypt,Artistic Gymnastics,
ABDELRAHMAN Osama,Egypt,Taekwondo,
ABDULLAYEV Mammad,Azerbaijan,Taekwondo,
ABDUSAMATOV Khusniddin,Uzbekistan,Artistic Gymnastics,
ACHARKI Aziz,Denmark,Taekwondo,
ADEL MOSTAFA,Egypt,Football,Men
ADZIC Dragan,Slovenia,Handball,Women
AFLAKIKHAMSEH Majid,IR Iran,Taekwondo,
AFRIKA Cecil,South Africa,Rugby Sevens,Women
AGAFONTSEV Sergiy,"Hong Kong, China",Artistic Gymnastics,
AGUILAR ESTRADA Eduardo,Spain,Hockey,
AGUILAR ROJAS Blajaith,Mexico,Rhythmic Gymnastics,
AL-ASSAF Faris,Jordan,Taekwondo,
ALBINO Cristiano,Brazil,Artistic Gymnastics,
ALCANTARA Edson,Brazil,Football,
ALFARO RODRIGUEZ Santiago,Uruguay,Rugby Sevens,Men
ALIYEVA Kamilla,Azerbaijan,Rhythmic Gymnastics,
ALJALLAD Riham,Jordan,Taekwondo,
ALLER CARBALLO Manuel Angel,Spain,Basketball,
ALMAAZMI Abdalla,Palestine,Taekwondo,
ALONSO BERNARDO Jessica,Spain,Handball,Women
ALONSO CALVO Adria,Spain,Artistic Gymnastics,
ALONSO TAPIA Gulsah,France,Taekwondo,
ALONSO TAPIA Rosendo,France,Taekwondo,
ALSADEQ Yazan,Jordan,Taekwondo,
ALTENBURG Valentin,Germany,Hockey,
ALVAREZ Jorge,Argentina,Taekwondo,
AMADOU Soumaila,Niger,Taekwondo,
AMONDE Andrew,Kenya,Rugby Sevens,Men
AMOR Simon Daniel Edward,Japan,Rugby Sevens,Men
AMOREBIETA Fernando,Dominican Republic,Football,
ANDERSSON Mattias,Germany,Handball,Men
ANDRE Felix,France,Volleyball,Women
ANDREATTA Mel,Australia,Football,Women
ANDREO GABAN Angel Luis,Spain,Water Polo,Women
ANGILLIS Pascal,Belgium,Basketball,
ANNAN Alyson Regina,China,Hockey,
ANNEQUIN Marie,France,Artistic Swimming,
ANTONYAN Sahak,Armenia,Artistic Gymnastics,
APARICIO SUNEN Antonio Francisco,Spain,Water Polo,Men
APELGREN Michael,Sweden,Handball,Men
ARENHART ALVES Ismael,Brazil,Rugby Sevens,Women
ARIAS Ramon,Chile,Taekwondo,
ARILL Samuel,Puerto Rico,Basketball,Women
ARKELL Robin,Germany,Hockey,
ARROYO Gavin,United States,Water Polo,Men
ARZA Carlos Vivier,Angola,Handball,Women
ASMOLOV Natalia,Israel,Rhythmic Gymnastics,
ATKINSON Kenny,France,Basketball,Men
AXNER Tomas,Sweden,Handball,Women
BABEL Vincent,Suriname,Taekwondo,
BADAWI Ghanem,Syria,Artistic Gymnastics,
BALAN Adrian,Canada,Artistic Gymnastics,
BAM Jenna,South Africa,Rugby Sevens,
BANGO MELCON Benjamin,Spain,Artistic Gymnastics,
BARABACH Mikhail,Australia,Artistic Gymnastics,
BARANOVA VOLCHETSKAYA Anna,France,Rhythmic Gymnastics,
BARASA James,Kenya,Volleyball,Women
BARBOLINI Massimo,Italy,Volleyball,Women
BARRETO Diego,Paraguay,Football,
BARRIEAU Jocelyn,Canada,Rugby Sevens,Women
BARTON Emilee,Australia,Rugby Sevens,Women
BASILE Leonardo,EOR,Taekwondo,
BATCH Colin,Australia,Hockey,
BATICLE Gerald,France,Football,Men
BATISTA Gerardo,Puerto Rico,Basketball,Women
BAUR Steve,Canada,Basketball,Women
BAYER Steven,Belgium,Hockey,
BAYKUZIYEV Jasur,Uzbekistan,Taekwondo,
BAYON Sara,France,Rhythmic Gymnastics,
BAZELEY Darren,New Zealand,Football,Men
BEAGLEY Michael,Great Britain,Artistic Gymnastics,
BEATTIE Ciaran,Great Britain,Rugby Sevens,Women
BELAN Tatsiana,Australia,Rhythmic Gymnastics,
BELENKI Valeri,Germany,Artistic Gymnastics,
BEN JABALLAH Maaouia,Tunisia,Archery,
BEPPLER Jochen,Germany,Handball,Women
BERBECAR Marius,Romania,Artistic Gymnastics,
BERGAMELLI Monica Roberta,Italy,Artistic Gymnastics,
BERNARDI Lorenzo,Italy,Volleyball,Women
BERZHETS Viachaslau,AIN,Taekwondo,
BESBAYEV Olzhas,Kazakhstan,Taekwondo,
BESHEER Gamal,Egypt,Artistic Gymnastics,
BILIC Darko,Serbia,Water Polo,Men
BISCALCHIN Daniel,Brazil,Artistic Gymnastics,
BJORKGREN Nate,Canada,Basketball,Men
BLAGOJEVIC Jelena,Serbia,Volleyball,Women
BLAHIC Eric,France,Football,
BLAIN Philippe,Japan,Volleyball,Men
BLECHER SIDOROVA Svetlana,Israel,Artistic Swimming,Duet
BLIZNYUK Anastasia,China,Rhythmic Gymnastics,
BLOKHINA Iryna,Ukraine,Rhythmic Gymnastics,
BONADEI Laurent,France,Football,
BONDAR Vladyslav,Burkina Faso,Taekwondo,
BONNET Giles,South Africa,Hockey,
BOQUIST Martin,Norway,Handball,Men
BOTELLA PEREZ de LANDAZAB Isaac,Spain,Artistic Gymnastics,
BRECKENRIDGE Grant,United States,Artistic Gymnastics,
BRIELMEIER Bret,Germany,Basketball,
BRITEZ Cristhian,Dominican Republic,Football,
BRODERICK William,Brazil,Rugby Sevens,Women
BRONDELLO Sandy,Australia,Basketball,Women
BROWN Gareth,United States,Taekwondo,
BROWN LOPEZ Dagmara,Spain,Rhythmic Gymnastics,
BROWNE Kwan,Great Britain,Hockey,
BRUUN Michael,Denmark,Handball,Men
BRUZZO Florian,France,Water Polo,Men
BRYLOK Hubert,Germany,Artistic Gymnastics,
BUCHNIK Victor,Israel,Football,
BUGDAEV Kurban,Saudi Arabia,Taekwondo,
BUSNARI Alberto,Italy,Artistic Gymnastics,
BUTALA-KOVACIC Petra,Serbia,Taekwondo,
BUTARBUTAR Eva,Indonesia,Artistic Gymnastics,
BUTULIJA Dajana,Serbia,Basketball,
BYDWELL Emilie,United States,Rugby Sevens,Women
CAAMANO Juan,Spain,Handball,Men
CAESAR Syque,United States,Artistic Gymnastics,
CAHILL Molly,United States,Water Polo,Women
CAI Bin,China,Volleyball,Women
CALDAS Maximiliano,Spain,Hockey,
CAMA Tomasi,New Zealand,Rugby Sevens,Men
CAMICIOTTI Giacomo,Germany,Artistic Gymnastics,
CAMPAGNA Alessandro,Italy,Water Polo,Men
CAMPBELL Cora,Canada,Water Polo,Women
CAMPODONICO Marco,Italy,Artistic Gymnastics,
CAMPS SAN JOSE Salvador,Spain,Basketball,
CANTWELL Lynne,South Africa,Rugby Sevens,
CAPELLI Claudio,Switzerland,Artistic Gymnastics,
CAPONERI Massimo,Italy,Volleyball,Men
CAPORN Adam,Australia,Basketball,
CAPURRO Santiago,Argentina,Hockey,
CAREY Brian,United States,Artistic Gymnastics,
CARLSON Britta,Germany,Football,Women
CARNELI Ryan,Australia,Taekwondo,
CAROU Gonzalo,Argentina,Handball,Men
CARRASCAL RUBIO Alvaro,Spain,Artistic Gymnastics,
CARROLL Ryan,Australia,Basketball,
CARSON Luke,Ireland,Artistic Gymnastics,
CASELLA Enrico,Italy,Artistic Gymnastics,
CASIMIRO ROS Javier,Spain,Artistic Gymnastics,
CASTANEDA Allen Aldrin,Philippines,Artistic Gymnastics,
CATANOIU Grigore,Germany,Artistic Gymnastics,
CATITO Nelson,Angola,Handball,Women
CAUKAUNIVALU Setefano,Fiji,Rugby Sevens,Men
CAZON Guillermo,Argentina,Handball,Men
CHAMBERS Cheryl,Australia,Basketball,Women
CHEN Wei,China,Artistic Gymnastics,
CHERNETSKA Nataliya,Greece,Artistic Swimming,Duet
CHIEJINE Ann,Nigeria,Football,
CHIGODAEV Sergey,Uzbekistan,Football,
CHINNASAMY Ashok Kumar,India,Hockey,
CHIRILCENCO Marc Michel,Algeria,Artistic Gymnastics,
CHOEN Haim,Israel,Football,
CHOI Chatchai,Thailand,Taekwondo,
CHOI Jungyeol,Korea,Artistic Gymnastics,
CHOUBA Jaouad,Guinea-Bissau,Taekwondo,
CIAMARRA Roberto,France,Volleyball,Men
CICHELLO Juan Manuel,Italy,Volleyball,Women
CIRIC Stefan,Serbia,Water Polo,Men
CIRKOVIC Vedran,Australia,Water Polo,Men
CLARIJS Ricardo,Netherlands,Handball,Women
CLARK Gregg,New Zealand,Hockey,
CLARKE Carly,Canada,Basketball,
CLAY Jenny,Great Britain,Artistic Gymnastics,
CLICHY Gael,France,Football,Men
COCCIA Kristina,Haiti,Artistic Gymnastics,
COCCIARO Giuseppe,Italy,Artistic Gymnastics,
COCKER Edwin,New Zealand,Rugby Sevens,Women
COLLET Vincent,France,Basketball,Men
COLLIE Barry,Great Britain,Artistic Gymnastics,
COLON Nelson,Puerto Rico,Basketball,Men
COPPINI FERNANDES Wagner Luiz,Brazil,Volleyball,Women
COTUTIU Florin,Romania,Artistic Gymnastics,
COULIBALY Abdoulaye,Mali,Football,
COURTEIX David,France,Rugby Sevens,Women
COVELO Alex,United States,Football,Men
COWAN Lisa,Canada,Artistic Gymnastics,
CRETU Gheorghe,Slovenia,Volleyball,Men
CRUZ LOPEZ Jose L,Puerto Rico,Basketball,Men
CRUZ Rafael,Puerto Rico,Basketball,Men
CSEH Sandor Viktor,Hungary,Water Polo,Women
CUNHA Thiago,Egypt,Football,
CURRAN Orlaith,Ireland,Rugby Sevens,Women
da ROCHA Cristiano,Brazil,Handball,Women
DARET Jerome,France,Rugby Sevens,Men
DAVID EP CHIRILCENCO Georgeta,Algeria,Artistic Gymnastics,
DAVIS DIAZ David,Mexico,Taekwondo,
DAVY Jeremy,Australia,Hockey,
DAZEL Renfred,South Africa,Rugby Sevens,Women
de CECCO Matteo,Slovenia,Volleyball,Men
de GIORGI Ferdinando,Italy,Volleyball,Men
de SCHEPPER Bram,Belgium,Artistic Gymnastics,
DEACU George,Romania,Water Polo,Men
DECKX Stefan,Belgium,Artistic Gymnastics,
DELANEY Mike,New Zealand,Hockey,
DELMEE Jeroen,Netherlands,Hockey,
den UIJL Kevin,Netherlands,Artistic Gymnastics,
DENG Ajou,South Sudan,Basketball,
DENG Luol,South Sudan,Basketball,Men
DENIA Santi,Spain,Football,Men
DENIS Eddie,Australia,Water Polo,Women
DERAEDT Laurent,Morocco,Football,
DERENTY Lorene,France,Water Polo,Women
DERYUGINA Iryna,Ukraine,Rhythmic Gymnastics,
di CECCA Cosimino,Italy,Water Polo,Women
DIALLO Badara Alou,Mali,Football,Men
DIAWARA Fousseni,Guinea,Football,Men
DIAWARA Kaba,Guinea,Football,Men
DIMITROVA Vesela,Bulgaria,Rhythmic Gymnastics,
DIOVOL Alioune,Senegal,Taekwondo,
DIVKOVIC Goran,Slovenia,Taekwondo,
DO REGO BARROS JUNIOR Paulo,Brazil,Volleyball,Women
DOBLER Mauro,Argentina,Football,
DOMINGUES Felipe,Brazil,Artistic Swimming,
DONNADIEU Pascal,France,Basketball,Men
DONNELLY Peter,Ireland,Rugby Sevens,Men
dos SANTOS Clayton,Brazil,Taekwondo,
DOUDESIS Eva,Netherlands,Water Polo,Women
DOUMBIA Bounafou,Mali,Football,
DRASOCZKY Imre,Hungary,Artistic Gymnastics,
DRLJACA Ljubica,Serbia,Basketball,Women
DROZHANOVA Elena,Slovenia,Rhythmic Gymnastics,
DUGONJIC Ivo Martin,Uruguay,Rugby Sevens,Men
DUISENGALIYEVA Danissa,Kazakhstan,Rhythmic Gymnastics,
DUNAVSKA MINEKOVA Kameliya,Germany,Rhythmic Gymnastics,
DUNPHY Marv,United States,Volleyball,Women
DUPUIS Kevin,France,Artistic Gymnastics,
ECHEVERRY Alex,Colombia,Football,
EFTIMOV Aleksandar,North Macedonia,Taekwondo,
EGE Steinar,Norway,Handball,Men
EHREN Raoul,Belgium,Hockey,
ELFAKHARANY Hany,Egypt,Handball,Men
ELIAS Arthur,Brazil,Football,Women
ELLIOTT Simon,New Zealand,Football,Men
ELNAFRAWY Mohamed,Egypt,Volleyball,Men
ELZEFTAWEY Tarek,Egypt,Volleyball,Men
ERSIMSEK Ahmetcan,Serbia,Volleyball,Women
FAALUPEGA Avii,Samoa,Rugby Sevens,
FABRE Julie,France,Artistic Swimming,Team
FALAHATGAR ETMINANI Davoud,Bulgaria,Taekwondo,
FALSETTA Ross,Great Britain,Artistic Gymnastics,
FARINELLI Roberta,Italy,Artistic Swimming,Team
FARRY Anthony James,India,Hockey,
FEREZIN Camila,Brazil,Rhythmic Gymnastics,
FERNANDEZ Jordi,Canada,Basketball,Men
FERNANDEZ TARGARONA Isaac,Spain,Basketball,
FERRANDEZ ARENAS Monica,Spain,Rhythmic Gymnastics,
FERRARA Fernando,Argentina,Hockey,
FERREIRA Marcel,Brazil,Artistic Swimming,
FERREIRINHA Jose,Portugal,Artistic Gymnastics,
FERRER Alexander,Brazil,Artistic Swimming,
FERRER CUTINO Gil,Netherlands,Volleyball,Women
FEW Mark,United States,Basketball,
FIGUEIREDO Tatiana,Brazil,Rhythmic Gymnastics,
FILIORIANU Ana Luiza,Romania,Rhythmic Gymnastics,
FITZGERALD David,Ireland,Hockey,
FJELLSTROM Jens,Australia,Football,Women
FLANNERY Eimear,Ireland,Rugby Sevens,Men
FLISI Diego,Türkiye,Volleyball,Women
FONG Lerissa,Samoa,Rugby Sevens,
FORD Trey,United States,Rugby Sevens,Women
FORSBERG Thomas,Sweden,Handball,Women
FORTUNA Marco,Italy,Artistic Gymnastics,
FOUACHE Gilles,France,Football,
FOULARD Gael,France,Hockey,
FREHSE Gabriele,Austria,Artistic Gymnastics,
FRIDAY Mike,United States,Rugby Sevens,Men
FUCHS Michael,Germany,Football,Women
FUCHS Tracey,United States,Hockey,
FUENTES Andrea,United States,Artistic Swimming,Team
FUERBRINGER Matt,United States,Volleyball,Men
FUJIKI Mayuko,Spain,Artistic Swimming,Team
FUKATSU Takayuki,Japan,Volleyball,Men
FULI Saiasi,Fiji,Rugby Sevens,Women
FULTON Craig Arthur,India,Hockey,
FURALEV Vladislav,Mexico,Rhythmic Gymnastics,
GAARENSTROOM Jordan,United States,Artistic Gymnastics,
GAARENSTROOM Jordan Jon,Syria,Artistic Gymnastics,
GADEMAN Pasha,Germany,Hockey,
GAINES Corey,Japan,Basketball,Men
GALAMBOS Bence,Hungary,Taekwondo,
GALKIN Evgeniy,Uzbekistan,Artistic Gymnastics,
GAMBLUCH Leonardo,Belgium,Taekwondo,
GARCIA CABRERA David,Puerto Rico,Basketball,
GARCIA CUENCA Carlos,Spain,Hockey,
GARCIA GARCES Maria,Spain,Rhythmic Gymnastics,
GARCIA GUADARRAMA Victor Jesus,Spain,Basketball,
GARDILLOU Sebastien,France,Handball,Women
GAUGISCH Markus,Germany,Handball,Women
GAUTHIER Charles,France,Volleyball,Women
GAUTIER David,France,Basketball,
GAVILAN MORAL Diego Manuel,Spain,Hockey,
GEILER Loic,France,Volleyball,Men
GELLE Noemi Katalin,Hungary,Rhythmic Gymnastics,
GEORGALLAS Irodotos,Cyprus,Artistic Gymnastics,
GEORGE Martine,France,Artistic Gymnastics,
GIALLOMBARDO Patrizia,Italy,Artistic Swimming,Team
GIANI Andrea,France,Volleyball,Men
GIBBS Rodney,New Zealand,Rugby Sevens,Men
GIE Cheslyn,South Africa,Hockey,
GIL Carlos,Panama,Artistic Gymnastics,
GILLE Guillaume,France,Handball,Men
GIOLITO Nicola,Italy,Volleyball,Men
GISLASON Alfred,Germany,Handball,Men
GJERDE Joar,Norway,Handball,Women
GLYNN Katie,Great Britain,Hockey,
GOJKOVIC Vladimir,Montenegro,Water Polo,Men
GOKTEKIN Yilmaz,Türkiye,Artistic Gymnastics,
GOLOVIN Vlagyimir Alekszandrovics,Hungary,Handball,Women
GOMEZ AGUERA Salvador Emilio,China,Water Polo,Women
GOMEZ CORA Santiago,Argentina,Rugby Sevens,Men
GOMEZ Ibai,Dominican Republic,Football,Men
GOMIS Joseph,France,Basketball,
GONZALEZ NUNEZ Arlen,Cuba,Taekwondo,
GOORJIAN Brian,Australia,Basketball,Men
GORBACHEV Stepan,Ukraine,Artistic Gymnastics,
GORBACHEVA Iryna,Ukraine,Artistic Gymnastics,
GORDO David,Spain,Football,
GORIATCHKINE Ivan,Philippines,Artistic Gymnastics,
GORISS Paul,Australia,Basketball,
GOTHARD Paul,New Zealand,Football,Men
GOUTSEVA Anastasia,Greece,Artistic Swimming,Duet
GRABA Jess,United States,Artistic Gymnastics,
GRAND'PIERRE Naomy Hope,Haiti,Artistic Gymnastics,
GRANDES Pablo,Iraq,Football,
GRAVANO Leonardo,Argentina,Rugby Sevens,Men
GRBIC Nikola,Poland,Volleyball,Men
GREENING Phil,United States,Rugby Sevens,Men
GRESKOWIAK Arne,Germany,Basketball,
GRIFFETH Garrett Stephen,Philippines,Artistic Gymnastics,
GUAN Jianmin,China,Taekwondo,
GUELZEC Laurent,Switzerland,Artistic Gymnastics,
GUIDETTI Giovanni,Serbia,Volleyball,Women
GUIL Luis,Spain,Basketball,Men
GUILLIERE Katia,France,Rhythmic Gymnastics,
GUISADO MUNOZ Lucia,Spain,Artistic Gymnastics,
GULIYEV Kamil,Azerbaijan,Rhythmic Gymnastics,
GULLA Alejandra,Argentina,Hockey,Women
GUSTAVSSON Tony,Australia,Football,Women
GUTIERREZ ZULAICA Lorena,Spain,Hockey,
HADJI Youssouf,Morocco,Football,
HAGARD Monique,France,Artistic Gymnastics,
HALIN Gregory,France,Basketball,
HALKETT Rhett Kennedy,India,Hockey,
HALL Paul,Great Britain,Artistic Gymnastics,
HAMANO Yukiya,Japan,Football,
HAMICI Saad Eddine,Algeria,Artistic Gymnastics,
HAMILL Tim,Australia,Water Polo,Men
HAMMOND Rob,Australia,Hockey,
HANEDA Kenji,Japan,Football,
HANN Scott,Great Britain,Artistic Gymnastics,
HANRATTY Jack,Canada,Rugby Sevens,Women
HARVEY Mike,Great Britain,Taekwondo,
HAWKINS Michael,Canada,Volleyball,Men
HAYES Emma,United States,Football,Women
HAZUI Shota,Japan,Water Polo,Men
HE Hua,China,Artistic Gymnastics,
HE Xiaochu,China,Artistic Swimming,
HECHMI Jendoubi,Tunisia,Taekwondo,
HENNING Andre,Germany,Hockey,
HENRY Thierry,France,Football,Men
HERBERT Daniel,Germany,Basketball,Men
HERBERT Gordie,Germany,Basketball,Men
HERDEIRO Alvaro Francisco,Brazil,Handball,Women
HERGEIRSSON Thorir,Norway,Handball,Women
HERNANDEZ JIMENEZ Francisco de Pau.,Spain,Rugby Sevens,
HERRANZ MARTIN Miguel Angel,Spain,Taekwondo,
HERST Jen,Canada,Football,
HICKMAN Mark,Great Britain,Hockey,
HOLGUIN Ramon,Dominican Republic,Artistic Gymnastics,
HOVASSE Tom,Japan,Basketball,Men
HOWELLS Ben,Great Britain,Artistic Gymnastics,
HRUBESCH Horst,Germany,Football,Women
HRYBANOV Andrii,Israel,Artistic Gymnastics,
HUSSEIN Noha,Egypt,Rhythmic Gymnastics,
HYBRANT Bohuslav,Czechia,Taekwondo,
HYTTEL Tobias,Denmark,Taekwondo,
IGARZA Germain,France,Rugby Sevens,Women
IGLESIAS BILBAO Alejandro,Spain,Hockey,
IGLESIAS Rodrigo,Brazil,Football,
IKEDA Futoshi,Japan,Football,Women
INCE Brett,Great Britain,Artistic Gymnastics,
ITOH Kenji,Japan,Volleyball,Men
IVANOV PIRALKOV Svilen,Spain,Water Polo,Men
IVANOVA Valentina,Bulgaria,Rhythmic Gymnastics,
IVEY Royal,South Sudan,Basketball,Men
JACOBS Jeroen,Netherlands,Artistic Gymnastics,
JACOBSEN Nikolaj,Denmark,Handball,Men
JAKOVLJEVIC Nenad,Serbia,Basketball,
JANE GIRALT Juan,China,Water Polo,Women
JANECKOVA Katerina,Czechia,Artistic Gymnastics,
JANIC Bojan,Serbia,Volleyball,Men
JANKOVIC Jasmina,Germany,Handball,Women
JANKOVSKY Viktor,Czechia,Taekwondo,
JANOT Jeremie,France,Football,Men
JAQUET Nicolas,France,Hockey,
JARA SAGUIER Carlos,Paraguay,Football,Men
JARO MOLINA Rafael,Spain,Hockey,
JAUMA CAYUELA Esther,Netherlands,Artistic Swimming,Duet
JENNINGS Stephen,EOR,Taekwondo,
JENSEN Jesper,Denmark,Handball,Women
JEONG Eul Jin,Korea,Taekwondo,
JEVTIC Ivica,Serbia,Volleyball,Men
JIA Nan,China,Basketball,
JIMENEZ NIETO Cecilia,Spain,Artistic Swimming,Duet
JIN Weiguo,China,Artistic Gymnastics,
JOERGENSEN Lars,Denmark,Handball,Women
JOERGENSEN Michael,Norway,Taekwondo,
JOHANSSON Per,Netherlands,Handball,Women
JONES Daymon,Romania,Artistic Gymnastics,
JONES Gilmar,Suriname,Taekwondo,
JOVIC Dragan,Serbia,Taekwondo,
JOYCE Jenn,Canada,Rugby Sevens,Women
JUN Jung Hooi,Tajikistan,Taekwondo,
JUNG Woomin,France,Taekwondo,
KAISER Pierre-Yves,Belgium,Basketball,
KAIUKOVA Iuliia,Ukraine,Artistic Gymnastics,
KAMKASOUMPHOU Ekvara,Mali,Taekwondo,
KAMMENOU Alexia Anna,Greece,Water Polo,Women
KANEMATSU Yuka,Japan,Rugby Sevens,Women
KANG Bo Hyeon,Korea,Taekwondo,
KANTZOURIS Ilias,Greece,Basketball,Men
KAPADZE Timur,Uzbekistan,Football,Men
KARDASH Maryna,Ukraine,Rhythmic Gymnastics,
KARFUNKELSTEIN Rogerio,Brazil,Artistic Swimming,
KARIMLI Akif,Azerbaijan,Rhythmic Gymnastics,
KASHIMA Tomoyo,Japan,Artistic Swimming,Team
KASSMAN Edward,Papua New Guinea,Taekwondo,
KATSUHISA Geoffrey,Japan,Basketball,
KAWAI Mayo,Japan,Artistic Swimming,
KAWAKITA Gen,Japan,Volleyball,Women
KEDACIC Zoran,Slovenia,Volleyball,Men
KEET Marcelle,South Africa,Hockey,
KENESSOV Sapargali,Kazakhstan,Artistic Gymnastics,
KENWRIGHT David,Great Britain,Artistic Gymnastics,
KERR Steve,United States,Basketball,Men
KERTESZNE BORKAI Anita,Hungary,Artistic Gymnastics,
KHAJAVI Naeima,Egypt,Taekwondo,
KHAN Pavel,Uzbekistan,Taekwondo,
KHAN Vladimir,Uzbekistan,Taekwondo,
KHEIRKHAH HAJIRASOULIAN Mohammadre.,IR Iran,Artistic Gymnastics,
KHOLOD Maryna,New Zealand,Artistic Swimming,Duet
KIENS Patrick,Romania,Artistic Gymnastics,
KIKUCHI David,Canada,Artistic Gymnastics,
KIM Daeeun,Korea,Artistic Gymnastics,
KIM Hyou Mi,Korea,Artistic Swimming,Duet
KIM Jihoon,Korea,Artistic Gymnastics,
KIM Kwangsu,Kazakhstan,Taekwondo,
KIM Myong Hwa,DPR Korea,Artistic Gymnastics,
KIM Young Jin,China,Taekwondo,
KIRALY Karch,United States,Volleyball,Women
KISIA Louis,Kenya,Rugby Sevens,Men
KISTLER Frank,Switzerland,Artistic Gymnastics,
KLAMBURG ROQUE Paula,Australia,Artistic Swimming,Team
KLEFNER BEN SHIMOL Moran,Israel,Artistic Gymnastics,
KLEUSKENS Marcel,Netherlands,Artistic Gymnastics,
KLIMOUK Natalia,United States,Rhythmic Gymnastics,
KNIBBELER Daniel,Netherlands,Artistic Gymnastics,
KOBESCAK Vjekoslav,France,Water Polo,Men
KOCH Ulla,Belgium,Artistic Gymnastics,
KOHLOFFEL Markus,EOR,Taekwondo,
KOLAKOVIC Igor,Serbia,Volleyball,Men
KOLINISAU Ratu Osea,Fiji,Rugby Sevens,Men
KONE Thierry,Côte d'Ivoire,Taekwondo,
KONG Fantao,China,Taekwondo,
KONNO Kakeru,Japan,Basketball,
KOSLOWSKI Felix,Netherlands,Volleyball,Women
KOSTIC Oliver,Serbia,Basketball,Men
KOUDI Mandela,South Sudan,Basketball,
KRAVCHENKO Sergiy,Ukraine,Football,
KRCE Lucijan,Croatia,Artistic Gymnastics,
KRIKORIAN Adam,United States,Water Polo,Women
KRONBORG Henrik,Denmark,Handball,Men
KRUMBHOLZ Olivier,France,Handball,Women
KULESZA Kasia,Canada,Artistic Swimming,Duet
KURBANOV Khussanzhan,Kazakhstan,Artistic Gymnastics,
KWIEK Marcos,Dominican Republic,Volleyball,Women
LAACHRAOUI Mourad,Belgium,Taekwondo,
LAGES GUIMARAES Jose Roberto,Brazil,Volleyball,Women
LAI Yawen,China,Volleyball,Women
LALOMILO Faamaoni,Samoa,Rugby Sevens,Men
LAMBDIN Stephen,United States,Taekwondo,
LANDI Cecile,United States,Artistic Gymnastics,
LANDI Laurent,United States,Artistic Gymnastics,
LAPENA Victor,Canada,Basketball,Women
LARHOLM Erik Jonas,Korea,Handball,Women
LARSEN Tonje,Norway,Handball,Women
LARSSON Thomas Erik Daniel,Netherlands,Handball,Women
LATIF Yasmine,Egypt,Artistic Swimming,Team
LAURA Veljko,Croatia,Taekwondo,
LAVARINI Stefano,Poland,Volleyball,Women
LAWRENCE Natalie,New Zealand,Football,
LAWSON Franck,Burkina Faso,Taekwondo,
LAWSON Kara,United States,Basketball,
LAZARO REINA Jordi,Spain,Hockey,
LEAL COLMENAREZ Mario,Venezuela,Taekwondo,
LEE Dongchul,Korea,Taekwondo,
LEE Eui Yong,Gambia,Taekwondo,
LEE KIM Daniel,Uruguay,Taekwondo,
LEE Seokhun,Australia,Taekwondo,
LEE Sunsung,Korea,Artistic Gymnastics,
LEMPESIS Xenofon,Greece,Water Polo,Women
LEONALDO Roberley Luiz,Brazil,Volleyball,Men
LEONARD Christophe,France,Basketball,
LERGA Javier,Spain,Football,
LESZNER Joe,Canada,Archery,
LEYNAUD Amandine,France,Handball,Women
LI Dezhi,China,Artistic Gymnastics,
LI Xiaoqing,Australia,Artistic Gymnastics,
LI Yanlong,China,Volleyball,Women
LIKHADZIYEUSKI Anatoli,AIN,Taekwondo,
LIM Alison,Colombia,Artistic Gymnastics,
LIMA Brian,Samoa,Rugby Sevens,Men
LINARES GARCIA Marta,Spain,Rhythmic Gymnastics,
LIU Jinyu,China,Artistic Gymnastics,
LIU Tao,China,Artistic Gymnastics,
LIU Tsung-Ta,Chinese Taipei,Taekwondo,
LIUKIN Valeri,United States,Artistic Gymnastics,
LIUTAI Malika,Tonga,Rugby Sevens,
LOFTUS Adriana,Mexico,Artistic Swimming,Team
LOMBI Jorge,France,Hockey,
LOPEZ Martin,Argentina,Volleyball,Men
LOPEZ ROMERO Victor Hugo,Japan,Handball,Men
LORANTOS Theodoros,France,Water Polo,Women
LORENT Jill,Belgium,Basketball,Women
LU le,China,Artistic Gymnastics,
LU Xiaohui,China,Rugby Sevens,
LU Zhuan,China,Rugby Sevens,Women
LUCKAN Ghafoer,South Africa,Rugby Sevens,Men
LUE Tyronn,United States,Basketball,Men
LUZON Guy,Israel,Football,Men
MA Chong,China,Rugby Sevens,
MACCARANI Emanuela,Italy,Rhythmic Gymnastics,
MACKINTOSH Euan,New Zealand,Rugby Sevens,Men
MADAREVIC Vladimir,Croatia,Artistic Gymnastics,
MADDAH Minoo,IR Iran,Taekwondo,
MAIZEROI Torann,Great Britain,Taekwondo,
MAJSTOROVIC Neven,Serbia,Volleyball,Men
MALCHAIR SELECQUE Caroline Martine,Spain,Rhythmic Gymnastics,
MALDONADO Oscar,Dominican Republic,Taekwondo,
MALJKOVIC Marina,Serbia,Basketball,Women
MAMAYEV Nursultan,Kazakhstan,Taekwondo,
MANABE Masayoshi,Japan,Volleyball,Women
MANCINELLI Claudia,Italy,Rhythmic Gymnastics,
MANDER Jasmine,Canada,Football,
MANENTI John,Australia,Rugby Sevens,Men
MARAJAN Sabit,South Sudan,Taekwondo,
MARELJA Jure,Croatia,Water Polo,Men
MARINOVIC Marko,Serbia,Basketball,
MARKOVA Branimira,Bulgaria,Rhythmic Gymnastics,
MAROJA Gabriel Augusto,Brazil,Handball,Women
MARSIGLIA Angelo,Colombia,Football,Women
MARTIN CEDRES Ambrosio Jose,Spain,Handball,Women
MARTIN LOZANO David,Spain,Water Polo,Men
MARTINEZ Ruben,Spain,Football,
MARTINEZ SANCHEZ Manuel Angel,Spain,Artistic Gymnastics,
MARTON Luana,Hungary,Taekwondo,
MASCHERANO Javier,Argentina,Football,Men
MATEO BATISTA Ruddy,Dominican Republic,Taekwondo,
MATHE Erick,France,Handball,Men
MATHEUS Carlos,Brazil,Artistic Swimming,
MATOSEVIC Valter,Croatia,Handball,Men
MAYNE Michael,New Zealand,Football,Women
MAYRIN Ida,Israel,Rhythmic Gymnastics,
Mc DONALD Janelle Leigh,Philippines,Artistic Gymnastics,
McALEESE Shea,New Zealand,Hockey,
McLEOD Shane,Belgium,Hockey,Men
McMASTER Travis,New Zealand,Rugby Sevens,Men
MEADOWS Clarissa,Germany,Basketball,Women
MEIJER Eric,Netherlands,Volleyball,Women
MELAIN Catherine,France,Basketball,Women
MENDEZ Marcelo,Argentina,Volleyball,Men
MENDEZ Miguel,Spain,Basketball,Women
MENDOZA MORA Abel,Mexico,Taekwondo,
MENEZES Jude,Japan,Hockey,
MESAROV Dejan,Croatia,Taekwondo,
MEZA PADILLA Jose,Mexico,Artistic Gymnastics,
MEZIANE Rachid,Belgium,Basketball,Women
MICALE Rogerio,Egypt,Football,Men
MIHOK Attila,Hungary,Water Polo,Women
MIJATOVIC Branka,Slovenia,Handball,Women
MIKKONEN Suvi,Hungary,Taekwondo,
MIKULAK Sam,United States,Artistic Gymnastics,
MILAN Gregory,France,Rhythmic Gymnastics,
MILANO Guillermo,Argentina,Handball,Men
MILLER Curt,United States,Basketball,
MILLER Nelson,Great Britain,Taekwondo,
MIN Ayoung,Korea,Artistic Gymnastics,
MIR HOMAR Pedro,Spain,Artistic Gymnastics,
MITCHELL Katie,Australia,Rhythmic Gymnastics,
MITCHELL Nathaniel,Canada,Basketball,
MITROVIC Marko,United States,Football,Men
MIYAMOTO Tomomi,Japan,Football,
MIYASHIRO Tama,United States,Volleyball,Women
MLADENOVA Albena,Austria,Artistic Swimming,Duet
MOGHANLOU Bijan,Egypt,Taekwondo,
MOHAMED Ahmed,Egypt,Artistic Gymnastics,
MOHAMED Mai,Egypt,Artistic Swimming,Duet
MOHAMED Mayar,Egypt,Rhythmic Gymnastics,
MOHAMMED Aisha,Nigeria,Basketball,
MOLOPYANE Obakeng,South Africa,Rugby Sevens,Women
MONAGHAN Iain,Canada,Rugby Sevens,Women
MONTES AGUERA Cesar Jesus,Spain,Handball,Men
MORALES OTERO Carlos,Puerto Rico,Basketball,Women
MORGAN Kerri,Canada,Artistic Swimming,Duet
MOROSAN Corina,Romania,Artistic Gymnastics,
MOUNDOUNGA KOMBILA Stephane,Gabon,Taekwondo,
MOVELLAN de la MAZA Borja,Spain,Hockey,
MUGANGUZI Wani,Nigeria,Basketball,Women
MUKHAMEDOVA Rano,Uzbekistan,Rhythmic Gymnastics,
MUNALA Japheth,Kenya,Volleyball,Women
MUNOZ BENITEZ Fernando,Egypt,Volleyball,Men
MURPHY Amanda,New Zealand,Rugby Sevens,Women
MURRAY Emma,Australia,Hockey,Women
MWAPE Bruce,Zambia,Football,Women
MWEMA Kevin,Kenya,Rugby Sevens,Men
MWILA Florence,Zambia,Football,Women
N'DONG Boniface,Canada,Basketball,
NAGANUMA Atsushi,Japan,Water Polo,Men
NAKAJIMA Takako,Japan,Artistic Swimming,Team
NAMAUA Tikiko,Fiji,Rugby Sevens,Women
NASKAR Arup,India,Hockey,
NAVES Marcia,Brazil,Rhythmic Gymnastics,
NAZARYAN Hayk,Armenia,Artistic Gymnastics,
NELHOMME Ruddy,France,Basketball,
NICOL Greg,New Zealand,Hockey,
NIELSEN Matt,Australia,Basketball,Men
NISHIIRI Toshihiro,Japan,Football,
NOERENBERG Thomas,Germany,Football,Women
NOLAN James,Great Britain,Rugby Sevens,Women
NOLANO Claudio,Italy,Taekwondo,
NSILU DILANDU Leroy,Ireland,Taekwondo,
NTHALA Charity,Zambia,Football,Women
NTULI Siphesihle,South Africa,Hockey,
NURI Tufan,Türkiye,Artistic Gymnastics,
OBRY Laure,France,Artistic Swimming,Team
OCA GAIA Miguel Angel,Spain,Water Polo,Women
OCEGUERA ORNELAS Pavel,Mexico,Artistic Gymnastics,
OEDING Chris,United States,Water Polo,Women
OGANESIANTC Avetis,AIN,Taekwondo,
OGEYINGBO Ayodeji,Nigeria,Basketball,
OH Hyeri,Korea,Taekwondo,
OIWA Go,Japan,Football,Men
OLAJUWON Alon,Nigeria,Basketball,
OLSSON Mats,Norway,Handball,Women
ONHA MARQUES Sergio,Brazil,Artistic Swimming,
ONO Shoko,Australia,Artistic Swimming,Team
ONZUKA Toru,Japan,Basketball,Women
ORTEGA PEREZ Antonio Carlos,Japan,Handball,Men
OTUMULI Mavae,Tonga,Rugby Sevens,
OZAWA Kazuyuki,Japan,Hockey,
PABLO Jose,Angola,Handball,Women
PACHLINSKI Krystian,Poland,Volleyball,Women
PAGE Danielle Nicole,Serbia,Basketball,
PAGE Murriel,Canada,Basketball,
PAKKAN Saim,Serbia,Volleyball,Women
PALOMERO MARTIN Oscar,Spain,Hockey,
PAMUKOVA Mariyana,Bulgaria,Rhythmic Gymnastics,
PARADELO David,Canada,Water Polo,Women
PARECKI Antoni Jerzy,Japan,Handball,Men
PARK Jae,Canada,Taekwondo,
PARK Myungsoo,China,Basketball,
PARKER Naasier,South Africa,Rugby Sevens,
PARSONS Sidney,Germany,Basketball,Women
PASQUALETTI Massimo,China,Rugby Sevens,Women
PASSMORE David,United States,Hockey,
PASTOR GOMEZ Juan Carlos,Egypt,Handball,Men
PATRICK David,Australia,Basketball,
PAUL Jody,Great Britain,Hockey,
PAULON Ezequiel,Argentina,Hockey,
PAVLIC Aljaz,Slovenia,Handball,Women
PAYNE Russell,United States,Football,Men
PEDRERO Ofelia,Mexico,Artistic Swimming,Team
PELAZ MOTA Ana,Spain,Rhythmic Gymnastics,
PEREIRA Alexandro,Brazil,Rhythmic Gymnastics,
PEREIRA BRAVO Joao,Canada,Volleyball,Men
PEREZ Carlos,Colombia,Football,Women
PERWAS Klaus,Germany,Basketball,Men
PESIC Svetislav,Serbia,Basketball,Men
PETRIDIS Panagiotis,Cyprus,Artistic Gymnastics,
PETROVIC Aleksandar,Brazil,Basketball,Men
PFEFFER Camilla,Germany,Rhythmic Gymnastics,
PHIRI Yona,Zambia,Football,Women
PIGNICZKI Krisztina,Hungary,Handball,Women
POLJAKOVA Shanna,Germany,Artistic Gymnastics,
POMARE Sapani,Samoa,Rugby Sevens,
POMILIO Amedeo,Italy,Water Polo,Men
PORATH Francisco,Brazil,Artistic Gymnastics,
POSINKOVIC Renco,Croatia,Water Polo,Men
POSMYK Dominik,Germany,Volleyball,Men
POSSENTI Fernando,Brazil,Artistic Swimming,
POSTERIVO Stefano,Canada,Water Polo,Women
POTAPENKO Valentin,France,Artistic Gymnastics,
POTTER Anthony,Australia,Hockey,
POWELL Katrina,Australia,Hockey,
PRADES PONS Jose Ignacio,Spain,Handball,Women
PRADO BRANAS Joaquin,Spain,Basketball,
PRIESTMAN Bev,Canada,Football,Women
PROST KOSIR Primoz,Slovenia,Handball,Men
PRUNSKAS Algimantas,Lithuania,Artistic Gymnastics,
PUGH Richie,Great Britain,Rugby Sevens,
PUIG CARPANETO Gabriel,Uruguay,Rugby Sevens,Men
PURVIS Hugh,Australia,Hockey,
PYRPYRIS Anastasios,Greece,Water Polo,Women
PYSMENNA Oksana,Korea,Artistic Swimming,Duet
QU Tao,China,Rhythmic Gymnastics,
QUEREDA FLORES Alejandra,Spain,Rhythmic Gymnastics,
QUESNEL Yannick,Guinea,Football,Men
QUINN Noelle,Canada,Basketball,
QUSAI MUNIR,Iraq,Football,Men
RA Sanghyun,Fiji,Taekwondo,
RADHI SHENAISHIL,Iraq,Football,Men
RADIC Vanja,Korea,Handball,Women
RADONIC Vesna,Montenegro,Rhythmic Gymnastics,
RAFALOVICH Maksim,Uzbekistan,Taekwondo,
RAFTIS Dimitrios,Greece,Artistic Gymnastics,
RALPH David,Great Britain,Hockey,
RAMAL MUNOZ Jesus,Spain,Taekwondo,
RAMOS SANCHEZ Antonio,Côte d'Ivoire,Taekwondo,
RANNER Thomas,Germany,Volleyball,Men
RASKINA Yuliya,Germany,Rhythmic Gymnastics,
RATH Bogdan,Romania,Water Polo,Men
READINGS Tony,New Zealand,Football,Men
RECKINGER Xavier,Belgium,Hockey,Men
REDDY Denise,United States,Football,Women
REED Duncan,New Zealand,Football,
REEVE Cheryl,United States,Basketball,Women
REFT Alfee,United States,Volleyball,Women
RENARD Herve,France,Football,Women
REQUENA PERICAS Judit,Spain,Artistic Swimming,Team
RETELJ Natasa,Slovenia,Artistic Gymnastics,
REVINGTON Paul,Great Britain,Hockey,
REY Luis,Spain,Basketball,Women
REZA Surian,New Zealand,Artistic Gymnastics,
RIBAS Giuliano,Brazil,Volleyball,Men
RIBEIRO Diego,Brazil,Taekwondo,
RIBERA ROMANS Jordi,Spain,Handball,Men
RICHARDSON Joshua,Great Britain,Artistic Gymnastics,
RICHARDSON Molly,Great Britain,Artistic Gymnastics,
RICO GOLBA Pablo,Argentina,Volleyball,Men
RIDDELL Scott,Great Britain,Rugby Sevens,Women
RIPPON Bec,Australia,Water Polo,Women
ROCHA de REZENDE Bernardo,Brazil,Volleyball,Men
ROCHA PACHECO Wagner,Dominican Republic,Volleyball,Women
RODRIGUEZ Lucas,Argentina,Football,
RODRIGUEZ VAQUERO Jose Maria,Hungary,Handball,Men
RONCONI Mariano,Argentina,Hockey,
ROQUES Tony,Great Britain,Rugby Sevens,
ROSA Bruna,Brazil,Rhythmic Gymnastics,
ROSILLO ATENCIA Jose Antonio,Norway,Taekwondo,
ROSS Stu,New Zealand,Rugby Sevens,Women
ROTAN Ruslan,Ukraine,Football,Men
ROTHMAN Neville,Ireland,Hockey,
ROUSSEAUX Emile,France,Volleyball,Women
ROVETTA Valentina,Italy,Rhythmic Gymnastics,
RUEDA BRAVO Eva,Spain,Artistic Gymnastics,
RUIZ CASAS Jairo,Colombia,Artistic Gymnastics,
RUPEREZ Cesar,China,Basketball,Women
RUSEK Pawel,Poland,Volleyball,Men
SABAH Asif,EOR,Taekwondo,
SAGYNAYEV Kanat,Kazakhstan,Taekwondo,
SAHIN Ali,Türkiye,Taekwondo,
SAITO Yoshihiro,Japan,Artistic Gymnastics,
SAKATA Takahiro,Japan,Rugby Sevens,Men
SALA Ramon,France,Hockey,
SALIM Gergely,Hungary,Taekwondo,
SALIM Sharif Gergely,Hungary,Taekwondo,
SALLAH Mariama M.,Gambia,Taekwondo,
SAMMELVUO Tuomas,Canada,Volleyball,Men
SAMOFALOV Ela,Israel,Rhythmic Gymnastics,
SAN JOSE CRISTOBAL Almudena,Spain,Artistic Gymnastics,
SANCHEZ CANETE CALVO Angel Luis,Spain,Basketball,Men
SANCHEZ Carlos,Spain,Football,
SANCHEZ DURAN Wilson,Dominican Republic,Volleyball,Women
SANTARELLI Daniele,Türkiye,Volleyball,Women
SARTYNSKYI Gennadii,Ukraine,Artistic Gymnastics,
SARVER Keri,New Zealand,Football,
SASSA Norio,Japan,Basketball,
SATO Hiroaki,Japan,Artistic Gymnastics,
SAVICEVIC Veljko,Serbia,Taekwondo,
SAWADOGO Rasmane,Burkina Faso,Taekwondo,
SCARIOLO Sergio,Spain,Basketball,Men
SCHIZAS Anastasios,Greece,Water Polo,Men
SCHMITZ Johannes,Germany,Hockey,
SCHOPMAN Johanna Dorothea Maria,India,Hockey,
SEARLE Stuart,United States,Football,Women
SEEBHOM Shannon,Australia,Basketball,
SEGARES Gonzalo,United States,Football,Men
SEIJO GIEBELS Christian Jaime,Spain,Taekwondo,
SEKTIOUI Tarik,Morocco,Football,Men
SEKULIC Marko,Serbia,Basketball,
SETTA Tarik,Denmark,Taekwondo,
SHARABI Yechiam,Israel,Taekwondo,
SHEN Yingsha,China,Artistic Swimming,
SHINTAKU Yuya,Japan,Artistic Gymnastics,
SHIOTA Yoshinori,Japan,Water Polo,Men
SHIPPI Panayiotis,Cyprus,Artistic Gymnastics,
SICOT David Patrick,Lebanon,Taekwondo,
SIEBEN Craig,Great Britain,Hockey,
SIERRA MENDEZ Jose Manuel,Egypt,Handball,Men
SIGNELL Kurt Henrik,Korea,Handball,Women
SIGURDSSON Dagur,Croatia,Handball,Men
SILIPO Carlo,Italy,Water Polo,Women
SIREKANYAN Gurgen,Jordan,Artistic Gymnastics,
SMAILI Badr,Morocco,Taekwondo,
SNYMAN Philip,South Africa,Rugby Sevens,Men
SOARES Mateus Joao Felgueiras,Timor-Leste,Taekwondo,
SOKOLOVA Natalia,Cyprus,Rhythmic Gymnastics,
SOLBERG Glenn,Sweden,Handball,Men
SON Hyo Bong,Korea,Taekwondo,
SONKHAM Chanatip,Thailand,Taekwondo,
SOTOMURA Kazutoshi,Japan,Artistic Gymnastics,
SOYEZ Frederic,France,Hockey,
SPANOULIS Vasilis,Greece,Basketball,Men
SPENCE Andy,Canada,Football,
SPERAW John,United States,Volleyball,Men
SPLITTER Tiago,Brazil,Basketball,Men
SPOELSTRA Erik,United States,Basketball,Men
SPOLJARIC Denis,Croatia,Handball,Men
STAMPER Martin,Great Britain,Taekwondo,
STANIFORTH Dave,Australia,Hockey,
STANNARD James,Australia,Rugby Sevens,Men
STEVANOVIC Uros,Serbia,Water Polo,Men
STILLITANO Leandro,Argentina,Football,
STOJAKOVIC Ognjen,Serbia,Basketball,
STOYNEVA Yasena,Bulgaria,Rhythmic Gymnastics,
STSIAPANAVA Natalia,Israel,Rhythmic Gymnastics,
SUFA Bartosz,Poland,Volleyball,Women
SULTANOV Yesbol,Tunisia,Taekwondo,
SUN Dan,China,Rhythmic Gymnastics,
SUN Ping,China,Artistic Gymnastics,
SUN Sonia,United States,Artistic Gymnastics,
SUZUKI Takashi,Japan,Rugby Sevens,Women
SUZUKI Yoshikazu,Japan,Basketball,Women
SVENSSON Tomas,Sweden,Handball,Men
SWACZYNA Adam,Poland,Volleyball,Men
SWEENEY Cory,New Zealand,Rugby Sevens,Women
SZUCS Krisztian,Hungary,Taekwondo,
SZUCS Robert,Hungary,Artistic Gymnastics,
TAAFFE Robert,Ireland,Taekwondo,
TABACH Ricardo,Brazil,Volleyball,Men
TANAKA Hikaru,Japan,Artistic Gymnastics,
TANKOUCHEV Milko,Bulgaria,Artistic Gymnastics,
TANSKANEN Juha Petteri,Syria,Artistic Gymnastics,
TARRES CAMPA Ana,China,Artistic Swimming,Team
TAYLOR Joni,United States,Basketball,Women
TAZEGUL Servet,Türkiye,Taekwondo,
TEIXEIRA Lara,United States,Artistic Swimming,Team
TELECHEA Javi,United States,Hockey,
TEMME Kay,Germany,Artistic Gymnastics,
TEMPLE-JONES Allan,Ireland,Rugby Sevens,Women
TENG Haibin,China,Artistic Gymnastics,
TEST Zack,United States,Rugby Sevens,Women
THIBAULT Mike,United States,Basketball,Women
THOMAIDIS Lisa,Germany,Basketball,Women
THORNTON Daniel,Canada,Taekwondo,
THORPE Karen,Great Britain,Artistic Swimming,Duet
THUSS Anne,Germany,Basketball,
TICHELMAN Thomas,Netherlands,Hockey,
TOKUMOTO Yukito,Japan,Volleyball,Women
TOLEDO AROCA Antonio,Spain,Taekwondo,
TOMAS Toni,Great Britain,Taekwondo,
TOME Montse,Spain,Football,Women
TOMOMATSU Yumiko,Great Britain,Artistic Swimming,Duet
TOPARI Yusuf,Australia,Artistic Gymnastics,
TOPPING James,Ireland,Rugby Sevens,Men
TORRESCUSA Ignacio,Spain,Handball,Men
TORTOSA Hugo,Lesotho,Taekwondo,
TOTH Balazs,Germany,Taekwondo,
TOUPANE Jean Aime,France,Basketball,Women
TOYOSHIMA Risa,Japan,Artistic Gymnastics,
TRAJKOVIC Ivan Konrad,Slovenia,Taekwondo,
TRANDABURU Ionut,Great Britain,Artistic Gymnastics,
TRAORE Alioune,Mali,Taekwondo,
TRENKA Janos,Hungary,Artistic Gymnastics,
TRIKOMITI Chrystalleni,Cyprus,Rhythmic Gymnastics,
TSAI Heng-Cheng,Chinese Taipei,Artistic Gymnastics,
TUCAK Ivica,Croatia,Water Polo,Men
TUDELA PERRET Matias,Spain,Rugby Sevens,
TUIFUA Tevita,Tonga,Rugby Sevens,
TUMILTY Mark,Ireland,Hockey,
UDOVICIC Dejan,United States,Water Polo,Men
UGLESSICH Mariano,Paraguay,Football,
UMEDA Koichi,Japan,Rugby Sevens,Men
UPTON Patrick Anthony Howard,India,Hockey,
URIETA GUTIERREZ Madelen,Spain,Basketball,
USTASZEWSKI Matt,United States,Water Polo,Men
USUI Tomohiro,Japan,Basketball,
VAIANGINA Ekitino,Tonga,Rugby Sevens,
VAISBURG Sergei,Israel,Artistic Gymnastics,
VALENZUELA GOMEZ Maria,Mexico,Artistic Gymnastics,
VALLS NART Jordi,Spain,Water Polo,Women
van ASS Paul,Netherlands,Hockey,
van DAMME Koen,Belgium,Artistic Gymnastics,
van den HEUVEL Michel,Belgium,Hockey,Men
van der VEEN Jose,Netherlands,Artistic Gymnastics,
van ECK Richard,Netherlands,Water Polo,Women
van HOOF Ed,Canada,Artistic Gymnastics,
van MELDERT Dirk Jan,Netherlands,Artistic Gymnastics,
VARGA Zsolt,Hungary,Water Polo,Men
VASILEVA Siyana,Azerbaijan,Rhythmic Gymnastics,
VASSILIADES Emmanuel,Greece,Water Polo,Men
VASYLIEVA Marharyta,Ukraine,Rhythmic Gymnastics,
VATANSEVER Recep,Türkiye,Volleyball,Women
VATKIN Vladimir,Kazakhstan,Artistic Gymnastics,
VEGA HERRERO Anna,Spain,Artistic Swimming,
VELASCO ENCINAS Miguel Angel,Hungary,Handball,Men
VELASCO Julio,Italy,Volleyball,Women
VERBOOM Eric,Netherlands,Hockey,
VETTORI Nicola,Poland,Volleyball,Women
VICTOR John,Nigeria,Taekwondo,
VICTORIA ESPINOSA de los Alfonso,Mexico,Taekwondo,
VILA Matias,Argentina,Hockey,
VILYAYEVA Yevgeniya,Azerbaijan,Rhythmic Gymnastics,
VIRTUE Erin,United States,Volleyball,Women
VLACHOS Theodoros,Greece,Water Polo,Men
VLASOVA Liliya,Uzbekistan,Rhythmic Gymnastics,
VOINEA Camelia,Romania,Artistic Gymnastics,
VOLAVOLA Timoci,Fiji,Rugby Sevens,Women
VOLOSHYNA Anna,Canada,Artistic Swimming,Team
WAKAMA Rena,Nigeria,Basketball,Women
WALDRUM Randy,Nigeria,Football,Women
WALL Mike,United States,Volleyball,Men
WALSH Timothy,Australia,Rugby Sevens,Women
WANG Jiuli,China,Artistic Swimming,Duet
WANG Liming,China,Artistic Gymnastics,
WEBER Javi,United States,Volleyball,Men
WEIDINGER Markus,Austria,Taekwondo,
WENG Shih-Hang,Chinese Taipei,Artistic Gymnastics,
WEVERS Vincent,Netherlands,Artistic Gymnastics,
WHITE Tim,Belgium,Hockey,
WIBERG Johanna,Sweden,Handball,Women
WIGNALL Rachel,Great Britain,Artistic Gymnastics,
WILLE Jonas,Norway,Handball,Men
WILSON Sean,Australia,Artistic Gymnastics,
WINIARSKI Michal,Germany,Volleyball,Men
WONG Ka Wing,"Hong Kong, China",Taekwondo,
WOODS Taryn,Australia,Water Polo,Women
WRIGHT Tanisha,United States,Basketball,
WU Zhiyu,China,Water Polo,Women
WUDTKE Erik,Germany,Handball,Men
XU Jinglei,China,Artistic Gymnastics,
XU Yanshu,China,Rhythmic Gymnastics,
YAGUE ENRIQUE Brigida,Spain,Taekwondo,
YAKHNO Yelyzaveta,Canada,Artistic Swimming,Team
YAMAMOTO Hayato,Japan,Rugby Sevens,Women
YANEV Filip,Bulgaria,Artistic Gymnastics,
YANITSAS Andrew,Australia,Water Polo,Men
YASHENKO Iryna,Brazil,Artistic Gymnastics,
YE Sheng,China,Artistic Gymnastics,
YOUSEFY Mehrdad,IR Iran,Taekwondo,
YOUSSEF Mohamed,Egypt,Taekwondo,
YUAN Zhi,China,Volleyball,Women
YUSSUPOVA Aliya,Kazakhstan,Rhythmic Gymnastics,
ZAITSEVA Olesia,Ukraine,Artistic Swimming,Duet
ZAREEI SHAMSABADI Manni,EOR,Taekwondo,
ZHANG Haiyan,China,Artistic Gymnastics,
ZHANG Xiaohuan,China,Artistic Swimming,Team
ZHAO Dantong,China,Artistic Swimming,
ZHENG Hao,China,Artistic Gymnastics,
ZHENG Wei,China,Basketball,Women
ZHEREBCHEVSKYI Anton,Czechia,Taekwondo,
ZHOU Tianke,Lao PDR,Rhythmic Gymnastics,
ZHU Jiangtao,China,Rugby Sevens,
ZHU Jing,China,Rugby Sevens,
ZIMMERMANN Matthieu,Belgium,Artistic Gymnastics,
ZOLGHADRI Farzad,Bulgaria,Taekwondo,
ZORMAN Uros,Slovenia,Handball,Men
ZOTTA Andrea,Türkiye,Volleyball,Women
ZUSSMAN Ayelet,Israel,Rhythmic Gymnastics,
ZVIZEJ Luka,Slovenia,Handball,Men
