TeamName,Discipline,Country
Abicha/Elgraoui,Beach Volleyball,Morocco
ADOLF Balazs / HAJDU Jonatan Daniel,Canoe Sprint,Hungary
Ahman/Hellvig,Beach Volleyball,Sweden
Akiko/Ishii,Beach Volleyball,Japan
ALANIS MORALES Karina / BRIONES FRAGOZA Beatriz,Canoe Sprint,Mexico
Alcaraz / Nadal,Tennis,Spain
ALEH Jo / MEECH Molly,Sailing,New Zealand
Alexandrova / Vesnina,Tennis,AIN
ALFIAN Fajar / ARDIANTO Muhammad Rian,Badminton,Indonesia
Algeria,Fencing,Algeria
Algeria,Shooting,Algeria
Alvarez M/Moreno,Beach Volleyball,Spain
Ana Patricia/Duda,Beach Volleyball,Brazil
Andreeva / Medvedev,Tennis,AIN
Andreeva / Shnaider,Tennis,AIN
Angola,Handball,Angola
ANTONIO Manuel / SANDA Benilson,Canoe Sprint,Angola
Aoyama / Shibahara,Tennis,Japan
AREVALO Carlos / GERMADE Rodrigo,Canoe Sprint,Spain
Argentina,Football,Argentina
Argentina,Handball,Argentina
Argentina,Hockey,Argentina
Argentina,Hockey,Argentina
Argentina,Rowing,Argentina
Argentina,Rowing,Argentina
Argentina,Rugby Sevens,Argentina
Argentina,Shooting,Argentina
Argentina,Volleyball,Argentina
ASSAR Omar / MESHREF Dina,Table Tennis,Egypt
ASTRUP Kim / RASMUSSEN Anders Skaarup,Badminton,Denmark
Auger-Aliassime / Raonic,Tennis,Canada
Australia,Archery,Australia
Australia,Athletics,Australia
Australia,Athletics,Australia
Australia,3x3 Basketball,Australia
Australia,Basketball,Australia
Australia,Basketball,Australia
Australia,Canoe Sprint,Australia
Australia,Canoe Sprint,Australia
Australia,Cycling Track,Australia
Australia,Cycling Track,Australia
Australia,Cycling Track,Australia
Australia,Cycling Track,Australia
Australia,Cycling Track,Australia
Australia,Diving,Australia
Australia,Diving,Australia
Australia,Equestrian,Australia
Australia,Equestrian,Australia
Australia,Equestrian,Australia
Australia,Football,Australia
Australia,Artistic Gymnastics,Australia
Australia,Rhythmic Gymnastics,Australia
Australia,Hockey,Australia
Australia,Hockey,Australia
Australia,Rowing,Australia
Australia,Rowing,Australia
Australia,Rowing,Australia
Australia,Rowing,Australia
Australia,Rowing,Australia
Australia,Rowing,Australia
Australia,Rowing,Australia
Australia,Rowing,Australia
Australia,Rugby Sevens,Australia
Australia,Rugby Sevens,Australia
Australia,Shooting,Australia
Australia,Artistic Swimming,Australia
Australia,Artistic Swimming,Australia
Australia,Swimming,Australia
Australia,Swimming,Australia
Australia,Swimming,Australia
Australia,Swimming,Australia
Australia,Swimming,Australia
Australia,Swimming,Australia
Australia,Swimming,Australia
Australia,Swimming,Australia
Australia,Swimming,Australia
Australia,Swimming,Australia
Australia,Swimming,Australia
Australia,Swimming,Australia
Australia,Swimming,Australia
Australia,Swimming,Australia
Australia,Swimming,Australia
Australia,Swimming,Australia
Australia,Swimming,Australia
Australia,Swimming,Australia
Australia,Swimming,Australia
Australia,Swimming,Australia
Australia,Swimming,Australia
Australia,Swimming,Australia
Australia,Swimming,Australia
Australia,Swimming,Australia
Australia,Swimming,Australia
Australia,Swimming,Australia
Australia,Swimming,Australia
Australia,Swimming,Australia
Australia,Swimming,Australia
Australia,Swimming,Australia
Australia,Swimming,Australia
Australia,Swimming,Australia
Australia,Swimming,Australia
Australia,Swimming,Australia
Australia,Swimming,Australia
Australia,Swimming,Australia
Australia,Swimming,Australia
Australia,Swimming,Australia
Australia,Swimming,Australia
Australia,Swimming,Australia
Australia,Swimming,Australia
Australia,Swimming,Australia
Australia,Swimming,Australia
Australia,Swimming,Australia
Australia,Rowing,Australia
Australia,Swimming,Australia
Australia,Swimming,Australia
Australia,Swimming,Australia
Australia,Rowing,Australia
Australia,Rowing,Australia
Australia,Swimming,Australia
Australia,Swimming,Australia
Australia,Swimming,Australia
Australia,Swimming,Australia
Australia,Swimming,Australia
Australia,Swimming,Australia
Australia,Swimming,Australia
Australia,Swimming,Australia
Australia,Swimming,Australia
Australia,Swimming,Australia
Australia,Swimming,Australia
Australia,Swimming,Australia
Australia,Swimming,Australia
Australia,Swimming,Australia
Australia,Athletics,Australia
Australia,Athletics,Australia
Australia,Athletics,Australia
Australia,Athletics,Australia
Australia,Athletics,Australia
Australia,Athletics,Australia
Australia,Triathlon,Australia
Australia,Table Tennis,Australia
Australia,Table Tennis,Australia
Australia,Water Polo,Australia
Australia,Water Polo,Australia
Austria,Cycling Track,Austria
Austria,Equestrian,Austria
Austria,Equestrian,Austria
Austria,Judo,Austria
Austria,Rowing,Austria
Austria,Shooting,Austria
Austria,Artistic Swimming,Austria
Austria,Swimming,Austria
Austria,Swimming,Austria
Austria,Triathlon,Austria
Azerbaijan,3x3 Basketball,Azerbaijan
Azerbaijan,Rhythmic Gymnastics,Azerbaijan
BAEK Ha Na / LEE So Hee,Badminton,Korea
Bahamas,Athletics,Bahamas
Bahrain,Athletics,Bahrain
Balaji / Bopanna,Tennis,India
Bansley/Bukovec,Beach Volleyball,Canada
BANZERUK I / OLYANOVSKA L,Athletics,Ukraine
BARROWS Ian Macdill / HENKEN Hans Dakota August,Sailing,United States
Bassereau/Lyneel,Beach Volleyball,France
BEERE Ella / BULL Aly,Canoe Sprint,Australia
Begu / Niculescu,Tennis,Romania
Belgium,Athletics,Belgium
Belgium,Athletics,Belgium
Belgium,Athletics,Belgium
Belgium,Athletics,Belgium
Belgium,Basketball,Belgium
Belgium,Cycling Track,Belgium
Belgium,Cycling Track,Belgium
Belgium,Cycling Track,Belgium
Belgium,Equestrian,Belgium
Belgium,Equestrian,Belgium
Belgium,Equestrian,Belgium
Belgium,Hockey,Belgium
Belgium,Hockey,Belgium
Belgium,Rowing,Belgium
Belgium,Triathlon,Belgium
BELLO Ayomide Powei / OTUEDO Beauty Akinaere,Canoe Sprint,Nigeria
BEN HLIMA M / CHOJECKA O,Athletics,Poland
BERGMANN Marla / WILLE Hanna,Sailing,Germany
BERTA Elena / FESTO Bruno,Sailing,Italy
BILDSTEIN Benjamin / HUSSL David,Sailing,Austria
BLACK Freya / TIDEY Saskia,Sailing,Great Britain
BOBECK Vilma / NETZLER Rebecca,Sailing,Sweden
Boermans/de Groot,Beach Volleyball,Netherlands
Bogdan / Cristian,Tennis,Romania
Bolelli / Vavassori,Tennis,Italy
BONFIM C / LYRA V,Athletics,Brazil
Borges / Cabral,Tennis,Portugal
BOTIN le CHEVER Diego / TRITTEL PAUL Florian,Sailing,Spain
Botswana,Athletics,Botswana
Botswana,Athletics,Botswana
Boulter / Watson,Tennis,Great Britain
Brazil,Archery,Brazil
Brazil,Athletics,Brazil
Brazil,Athletics,Brazil
Brazil,Basketball,Brazil
Brazil,Equestrian,Brazil
Brazil,Equestrian,Brazil
Brazil,Football,Brazil
Brazil,Artistic Gymnastics,Brazil
Brazil,Rhythmic Gymnastics,Brazil
Brazil,Handball,Brazil
Brazil,Judo,Brazil
Brazil,Rugby Sevens,Brazil
Brazil,Swimming,Brazil
Brazil,Swimming,Brazil
Brazil,Swimming,Brazil
Brazil,Swimming,Brazil
Brazil,Swimming,Brazil
Brazil,Swimming,Brazil
Brazil,Athletics,Brazil
Brazil,Athletics,Brazil
Brazil,Athletics,Brazil
Brazil,Athletics,Brazil
Brazil,Triathlon,Brazil
Brazil,Table Tennis,Brazil
Brazil,Table Tennis,Brazil
Brazil,Volleyball,Brazil
Brazil,Volleyball,Brazil
Bronzetti / Cocciaretto,Tennis,Italy
BROVKOVA Mariya / ISKAKOVA Rufina,Canoe Sprint,Kazakhstan
BROWN Max / CLANCY Grant,Canoe Sprint,New Zealand
Bryl/Losiak,Beach Volleyball,Poland
BU Tingkai / ZHANG Dong,Canoe Sprint,China
Bublik / Nedovyesov,Tennis,Kazakhstan
Bucsa / Sorribes Tormo,Tennis,Spain
BUKSAK Dominik / WIERZBICKI Szymon,Sailing,Poland
Bulgaria,Rhythmic Gymnastics,Bulgaria
Bulgaria,Shooting,Bulgaria
Burel / Gracheva,Tennis,France
BURSKA Zofia / TKADLECOVA Sara,Sailing,Czechia
CAMPOS Jorge / FONSECA Daniela,Table Tennis,Cuba
Canada,Archery,Canada
Canada,Athletics,Canada
Canada,Athletics,Canada
Canada,Athletics,Canada
Canada,3x3 Basketball,Canada
Canada,Basketball,Canada
Canada,Basketball,Canada
Canada,Canoe Sprint,Canada
Canada,Canoe Sprint,Canada
Canada,Cycling Track,Canada
Canada,Cycling Track,Canada
Canada,Cycling Track,Canada
Canada,Cycling Track,Canada
Canada,Cycling Track,Canada
Canada,Cycling Track,Canada
Canada,Diving,Canada
Canada,Diving,Canada
Canada,Equestrian,Canada
Canada,Equestrian,Canada
Canada,Equestrian,Canada
Canada,Football,Canada
Canada,Fencing,Canada
Canada,Fencing,Canada
Canada,Fencing,Canada
Canada,Artistic Gymnastics,Canada
Canada,Artistic Gymnastics,Canada
Canada,Judo,Canada
Canada,Rowing,Canada
Canada,Rowing,Canada
Canada,Rugby Sevens,Canada
Canada,Artistic Swimming,Canada
Canada,Artistic Swimming,Canada
Canada,Swimming,Canada
Canada,Swimming,Canada
Canada,Swimming,Canada
Canada,Swimming,Canada
Canada,Swimming,Canada
Canada,Swimming,Canada
Canada,Swimming,Canada
Canada,Swimming,Canada
Canada,Swimming,Canada
Canada,Swimming,Canada
Canada,Swimming,Canada
Canada,Swimming,Canada
Canada,Table Tennis,Canada
Canada,Volleyball,Canada
Canada,Water Polo,Canada
Carle / Podoroska,Tennis,Argentina
Carol/Barbara,Beach Volleyball,Brazil
Carreno Busta / Granollers,Tennis,Spain
CARRINGTON Lisa / HOSKIN Alicia,Canoe Sprint,New Zealand
CARRINGTON Lisa / REGAL Caitlin,Canoe Sprint,New Zealand
CARRINGTON Lisa / REGAL Caitlin,Canoe Sprint,New Zealand
CASADEI Gabriele / TACCHINI Carlo,Canoe Sprint,Italy
CERNY D / BURZALOVA H,Athletics,Slovakia
Chan / Chan,Tennis,Chinese Taipei
CHEN Qing Chen / JIA Yi Fan,Badminton,China
CHEN Tang Jie / TOH Ee Wei,Badminton,Malaysia
Cherif/Ahmed,Beach Volleyball,Qatar
CHIA Aaron / SOH Wooi Yik,Badminton,Malaysia
Chile,Rowing,Chile
Chile,Rowing,Chile
Chinese Taipei,Archery,Chinese Taipei
Chinese Taipei,Archery,Chinese Taipei
Chinese Taipei,Archery,Chinese Taipei
Chinese Taipei,Table Tennis,Chinese Taipei
Chinese Taipei,Table Tennis,Chinese Taipei
CHIU Vinson / GAI Jennie,Badminton,United States
CHIU Vinson / YUAN Joshua,Badminton,United States
CHRISTIANSEN Mathias / BOEJE Alexandra,Badminton,Denmark
CINAR Deniz / NALBANTOGLU Lara,Sailing,Türkiye
CIRILO DUBOYS Yarisleidis / LOPEZ LAMADRID Yinnoly Francheska,Canoe Sprint,Cuba
CLAEYSSENS Lucas / VERSTRAELEN Eline,Sailing,Belgium
COCIU Daniela / OLARASU Maria,Canoe Sprint,Republic of Moldova
COLLEY Jim / CONNOR Shaun,Sailing,Australia
Collins / Krawczyk,Tennis,United States
Colombia,Archery,Colombia
Colombia,Archery,Colombia
Colombia,Football,Colombia
Colombia,Athletics,Colombia
CORVEE Lucas / LABAR Ronan,Badminton,France
Côte d'Ivoire,Athletics,Côte d'Ivoire
Côte d'Ivoire,Athletics,Côte d'Ivoire
Cottafava/Nicolai,Beach Volleyball,Italy
COWLEY R / MONTAG J,Athletics,Australia
CRASTO Tanisha / PONNAPPA Ashwini,Badminton,India
Croatia,Handball,Croatia
Croatia,Rowing,Croatia
Croatia,Rowing,Croatia
Croatia,Rowing,Croatia
Croatia,Table Tennis,Croatia
Croatia,Water Polo,Croatia
CSIPES Tamara / GAZSO Alida Dora,Canoe Sprint,Hungary
Cuba,Athletics,Cuba
Czechia,Archery,Czechia
Czechia,Cycling Track,Czechia
Czechia,Fencing,Czechia
Czechia,Rowing,Czechia
Czechia,Rowing,Czechia
Czechia,Rowing,Czechia
Czechia,Shooting,Czechia
Czechia,Shooting,Czechia
Dabrowski / Auger-Aliassime,Tennis,Canada
Dabrowski / Fernandez,Tennis,Canada
DAHLBERG Anton / KARLSSON Lovisa,Sailing,Sweden
Daniel / Nishikori,Tennis,Japan
Darderi / Musetti,Tennis,Italy
del RIO Adrian / COOPER Marcus,Canoe Sprint,Spain
DEMIR M / TEKDAL A,Athletics,Türkiye
Democratic People's Republic of Korea,Diving,DPR Korea
Denmark,Canoe Sprint,Denmark
Denmark,Cycling Track,Denmark
Denmark,Cycling Track,Denmark
Denmark,Cycling Track,Denmark
Denmark,Equestrian,Denmark
Denmark,Handball,Denmark
Denmark,Handball,Denmark
Denmark,Rowing,Denmark
Denmark,Rowing,Denmark
Denmark,Rowing,Denmark
Denmark,Swimming,Denmark
Denmark,Swimming,Denmark
Denmark,Swimming,Denmark
Denmark,Table Tennis,Denmark
Diaz/Alayo,Beach Volleyball,Cuba
DICKSON Robert / WADDILOVE Sean,Sailing,Ireland
DIESCH Simon / MARKFORT Anna,Sailing,Germany
Dominican Republic,Athletics,Dominican Republic
Dominican Republic,Football,Dominican Republic
Dominican Republic,Volleyball,Dominican Republic
DONG Adam / YAKURA Nyl,Badminton,Canada
DUARTE HADDAD Henrique / SWAN Isabel,Sailing,Brazil
DUNFEE E / LUNDMAN O,Athletics,Canada
DZOMBETA Andjelo / TORUBAROV Vladimir,Canoe Sprint,Serbia
Ebden / Peers,Tennis,Australia
ECHEGOYEN DOMINGUEZ Tamara / BARCELO MARTIN Paula,Sailing,Spain
ECKER Jonas / SMALL Aaron,Canoe Sprint,United States
ECSEKI Nandor / MADARASZ Dora,Table Tennis,Hungary
Egypt,Archery,Egypt
Egypt,Football,Egypt
Egypt,Fencing,Egypt
Egypt,Fencing,Egypt
Egypt,Fencing,Egypt
Egypt,Fencing,Egypt
Egypt,Fencing,Egypt
Egypt,Rhythmic Gymnastics,Egypt
Egypt,Handball,Egypt
Egypt,Rowing,Egypt
Egypt,Shooting,Egypt
Egypt,Artistic Swimming,Egypt
Egypt,Artistic Swimming,Egypt
Egypt,Table Tennis,Egypt
Egypt,Table Tennis,Egypt
Egypt,Volleyball,Egypt
Egypt 1,Shooting,Egypt
Egypt 2,Shooting,Egypt
Ehlers/Wickler,Beach Volleyball,Germany
Errani / Paolini,Tennis,Italy
Errani / Vavassori,Tennis,Italy
Esmee/Zoe,Beach Volleyball,Switzerland
Estonia,Rowing,Estonia
Etcheverry / Navone,Tennis,Argentina
Evandro/Arthur,Beach Volleyball,Brazil
Evans / Murray,Tennis,Great Britain
Evans/Budinger,Beach Volleyball,United States
FANTELA Sime / FANTELA Mihovil,Sailing,Croatia
Federal Republic of Germany,Swimming,FRG
FENG Yan Zhe / HUANG Dong Ping,Badminton,China
Fiji,Rugby Sevens,Fiji
Fiji,Rugby Sevens,Fiji
Fils / Humbert,Tennis,France
Finland,Equestrian,Finland
FISCHER Erwan / PEQUIN Clement,Sailing,France
FISHER Aimee / MATEHAERE Lucy,Canoe Sprint,New Zealand
France,Archery,France
France,Archery,France
France,Archery,France
France,Athletics,France
France,Athletics,France
France,Athletics,France
France,Athletics,France
France,Athletics,France
France,3x3 Basketball,France
France,3x3 Basketball,France
France,Basketball,France
France,Basketball,France
France,Cycling Track,France
France,Cycling Track,France
France,Cycling Track,France
France,Cycling Track,France
France,Cycling Track,France
France,Diving,France
France,Diving,France
France,Diving,France
France,Diving,France
France,Equestrian,France
France,Equestrian,France
France,Equestrian,France
France,Football,France
France,Football,France
France,Fencing,France
France,Fencing,France
France,Fencing,France
France,Fencing,France
France,Fencing,France
France,Fencing,France
France,Artistic Gymnastics,France
France,Rhythmic Gymnastics,France
France,Handball,France
France,Handball,France
France,Hockey,France
France,Hockey,France
France,Judo,France
France,Rowing,France
France,Rowing,France
France,Rowing,France
France,Rowing,France
France,Rowing,France
France,Rugby Sevens,France
France,Rugby Sevens,France
France,Shooting,France
France,Shooting,France
France,Artistic Swimming,France
France,Artistic Swimming,France
France,Swimming,France
France,Swimming,France
France,Swimming,France
France,Swimming,France
France,Swimming,France
France,Swimming,France
France,Swimming,France
France,Rowing,France
France,Swimming,France
France,Swimming,France
France,Swimming,France
France,Triathlon,France
France,Table Tennis,France
France,Table Tennis,France
France,Volleyball,France
France,Volleyball,France
France,Water Polo,France
France,Water Polo,France
France 1,Shooting,France
France 2,Shooting,France
Fritz / Paul,Tennis,United States
FRUERGAARD Maiken / THYGESEN Sara,Badminton,Denmark
Fucsovics / Marozsan,Tennis,Hungary
FUKSA Petr / FUKSA Martin,Canoe Sprint,Czechia
Gadecki / Tomljanovic,Tennis,Australia
Garcia / Parry,Tennis,France
Garcia / Roger-Vasselin,Tennis,France
GARCIA OTERO Carolina / OUZANDE Sara,Canoe Sprint,Spain
Gauff / Fritz,Tennis,United States
Gauff / Pegula,Tennis,United States
George/Andre,Beach Volleyball,Brazil
Georgia,Judo,Georgia
German Democratic Republic,Swimming,German Dem. Republic
German Democratic Republic,Swimming,German Dem. Republic
German Democratic Republic,Athletics,German Dem. Republic
GERMANI Jana / BERTUZZI Giorgia,Sailing,Italy
Germany,Archery,Germany
Germany,Archery,Germany
Germany,Athletics,Germany
Germany,Athletics,Germany
Germany,Athletics,Germany
Germany,Athletics,Germany
Germany,Athletics,Germany
Germany,3x3 Basketball,Germany
Germany,Basketball,Germany
Germany,Basketball,Germany
Germany,Canoe Sprint,Germany
Germany,Canoe Sprint,Germany
Germany,Cycling Track,Germany
Germany,Cycling Track,Germany
Germany,Cycling Track,Germany
Germany,Cycling Track,Germany
Germany,Cycling Track,Germany
Germany,Cycling Track,Germany
Germany,Diving,Germany
Germany,Diving,Germany
Germany,Equestrian,Germany
Germany,Equestrian,Germany
Germany,Equestrian,Germany
Germany,Football,Germany
Germany,Artistic Gymnastics,Germany
Germany,Rhythmic Gymnastics,Germany
Germany,Handball,Germany
Germany,Handball,Germany
Germany,Hockey,Germany
Germany,Hockey,Germany
Germany,Judo,Germany
Germany,Rowing,Germany
Germany,Rowing,Germany
Germany,Rowing,Germany
Germany,Rowing,Germany
Germany,Rowing,Germany
Germany,Shooting,Germany
Germany,Shooting,Germany
Germany,Swimming,Germany
Germany,Swimming,Germany
Germany,Swimming,Germany
Germany,Swimming,Germany
Germany,Swimming,Germany
Germany,Swimming,Germany
Germany,Cycling Track,Germany
Germany,Cycling Track,Germany
Germany,Rowing,Germany
Germany,Canoe Sprint,Germany
Germany,Swimming,Germany
Germany,Swimming,Germany
Germany,Swimming,Germany
Germany,Triathlon,Germany
Germany,Table Tennis,Germany
Germany,Table Tennis,Germany
Germany,Volleyball,Germany
Germany 1,Shooting,Germany
Germany 2,Shooting,Germany
Ghana,Athletics,Ghana
GICQUEL Thom / DELRUE Delphine,Badminton,France
Gille / Vliegen,Tennis,Belgium
GIMSON John / BURNET Anna,Sailing,Great Britain
Golubic / Wawrinka,Tennis,Switzerland
Gonzalez / Molteni,Tennis,Argentina
Gottardi/Menegatti,Beach Volleyball,Italy
Great Britain,Archery,Great Britain
Great Britain,Archery,Great Britain
Great Britain,Archery,Great Britain
Great Britain,Athletics,Great Britain
Great Britain,Athletics,Great Britain
Great Britain,Athletics,Great Britain
Great Britain,Athletics,Great Britain
Great Britain,Athletics,Great Britain
Great Britain,Cycling Track,Great Britain
Great Britain,Cycling Track,Great Britain
Great Britain,Cycling Track,Great Britain
Great Britain,Cycling Track,Great Britain
Great Britain,Cycling Track,Great Britain
Great Britain,Cycling Track,Great Britain
Great Britain,Diving,Great Britain
Great Britain,Diving,Great Britain
Great Britain,Diving,Great Britain
Great Britain,Diving,Great Britain
Great Britain,Equestrian,Great Britain
Great Britain,Equestrian,Great Britain
Great Britain,Equestrian,Great Britain
Great Britain,Artistic Gymnastics,Great Britain
Great Britain,Artistic Gymnastics,Great Britain
Great Britain,Hockey,Great Britain
Great Britain,Hockey,Great Britain
Great Britain,Rowing,Great Britain
Great Britain,Rowing,Great Britain
Great Britain,Rowing,Great Britain
Great Britain,Rowing,Great Britain
Great Britain,Rowing,Great Britain
Great Britain,Rowing,Great Britain
Great Britain,Rowing,Great Britain
Great Britain,Rowing,Great Britain
Great Britain,Rowing,Great Britain
Great Britain,Rowing,Great Britain
Great Britain,Rugby Sevens,Great Britain
Great Britain,Shooting,Great Britain
Great Britain,Artistic Swimming,Great Britain
Great Britain,Swimming,Great Britain
Great Britain,Swimming,Great Britain
Great Britain,Swimming,Great Britain
Great Britain,Swimming,Great Britain
Great Britain,Swimming,Great Britain
Great Britain,Swimming,Great Britain
Great Britain,Swimming,Great Britain
Great Britain,Rowing,Great Britain
Great Britain,Swimming,Great Britain
Great Britain,Swimming,Great Britain
Great Britain,Swimming,Great Britain
Great Britain,Swimming,Great Britain
Great Britain,Swimming,Great Britain
Great Britain,Swimming,Great Britain
Great Britain,Swimming,Great Britain
Great Britain,Swimming,Great Britain
Great Britain,Swimming,Great Britain
Great Britain,Swimming,Great Britain
Great Britain,Swimming,Great Britain
Great Britain,Swimming,Great Britain
Great Britain,Swimming,Great Britain
Great Britain,Swimming,Great Britain
Great Britain,Swimming,Great Britain
Great Britain,Swimming,Great Britain
Great Britain,Rowing,Great Britain
Great Britain,Swimming,Great Britain
Great Britain,Swimming,Great Britain
Great Britain,Swimming,Great Britain
Great Britain,Swimming,Great Britain
Great Britain,Swimming,Great Britain
Great Britain,Athletics,Great Britain
Great Britain,Athletics,Great Britain
Great Britain,Triathlon,Great Britain
Greece,Basketball,Greece
Greece,Rowing,Greece
Greece,Rowing,Greece
Greece,Rowing,Greece
Greece,Shooting,Greece
Greece,Artistic Swimming,Greece
Greece,Swimming,Greece
Greece,Swimming,Greece
Greece,Swimming,Greece
Greece,Swimming,Greece
Greece,Water Polo,Greece
Greece,Water Polo,Greece
Griekspoor / Koolhof,Tennis,Netherlands
GRONBLOM Ronja / HOKKA Veera,Sailing,Finland
Guinea,Football,Guinea
Haase / Rojer,Tennis,Netherlands
HABERL Lukas / FRANK Tanja,Sailing,Austria
Habib / Hassan,Tennis,Lebanon
Haddad Maia / Stefani,Tennis,Brazil
HARIMOTO Tomokazu / HAYATA Hina,Table Tennis,Japan
HASSON Nitai / LASRY Noa,Sailing,Israel
HE X / QIEYANG S,Athletics,China
HEATHCOTE Vita / GRUBE Chris,Sailing,Great Britain
HEE Yong Kai Terry / TAN Wei Han Jessica,Badminton,Singapore
Hermannova/Stochlova,Beach Volleyball,Czechia
Herrera/Gavira,Beach Volleyball,Spain
HERRERA/MOJICA CHALARCA,Athletics,Colombia
HLAVAC V / MARTINKOVA E,Athletics,Czechia
Hodges/Schubert,Beach Volleyball,Australia
HOKI Takuro / KOBAYASHI Yugo,Badminton,Japan
"Hong Kong, China",Swimming,"Hong Kong, China"
"Hong Kong, China",Swimming,"Hong Kong, China"
"Hong Kong, China",Table Tennis,"Hong Kong, China"
Horl/Horst,Beach Volleyball,Austria
HOSTENS Manon / PAOLETTI Vanina,Canoe Sprint,France
Hsieh / Tsao,Tennis,Chinese Taipei
HU Xiaoyu / SHAN Mengyuan,Sailing,China
Huberli/Brunner,Beach Volleyball,Switzerland
Hughes/Cheng,Beach Volleyball,United States
Hungary,Canoe Sprint,Hungary
Hungary,Canoe Sprint,Hungary
Hungary,Fencing,Hungary
Hungary,Fencing,Hungary
Hungary,Fencing,Hungary
Hungary,Handball,Hungary
Hungary,Handball,Hungary
Hungary,Judo,Hungary
Hungary,Shooting,Hungary
Hungary,Swimming,Hungary
Hungary,Swimming,Hungary
Hungary,Swimming,Hungary
Hungary,Swimming,Hungary
Hungary,Swimming,Hungary
Hungary,Swimming,Hungary
Hungary,Canoe Sprint,Hungary
Hungary,Water Polo,Hungary
Hungary,Water Polo,Hungary
Hurkacz / Zielinski,Tennis,Poland
IITSUKA Shibuki /  NISHIDA CAPIGLIA Oura,Sailing,Japan
India,Archery,India
India,Archery,India
India,Archery,India
India,Athletics,India
India,Athletics,India
India,Hockey,India
India,Shooting,India
India,Shooting,India
India,Shooting,India
India,Shooting,India
India,Shooting,India
India,Athletics,India
India,Table Tennis,India
India,Table Tennis,India
India 1,Shooting,India
India 1,Shooting,India
India 2,Shooting,India
India 2,Shooting,India
Indonesia,Archery,Indonesia
Indonesia,Archery,Indonesia
IONESCU Ovidiu / SZOCS Bernadette,Table Tennis,Romania
Iraq,Football,Iraq
Ireland,Athletics,Ireland
Ireland,Athletics,Ireland
Ireland,Cycling Track,Ireland
Ireland,Cycling Track,Ireland
Ireland,Equestrian,Ireland
Ireland,Equestrian,Ireland
Ireland,Hockey,Ireland
Ireland,Rowing,Ireland
Ireland,Rowing,Ireland
Ireland,Rowing,Ireland
Ireland,Rowing,Ireland
Ireland,Rowing,Ireland
Ireland,Rowing,Ireland
Ireland,Rowing,Ireland
Ireland,Rugby Sevens,Ireland
Ireland,Rugby Sevens,Ireland
Ireland,Swimming,Ireland
Ireland,Swimming,Ireland
Ireland,Swimming,Ireland
Ireland,Rowing,Ireland
Ireland,Rowing,Ireland
ISHIY Vitor / TAKAHASHI Bruna,Table Tennis,Brazil
Islamic Republic of Iran,Fencing,IR Iran
Islamic Republic of Iran,Rowing,IR Iran
Israel,Archery,Israel
Israel,Equestrian,Israel
Israel,Football,Israel
Israel,Rhythmic Gymnastics,Israel
Israel,Judo,Israel
Israel,Artistic Swimming,Israel
Israel,Swimming,Israel
Israel,Swimming,Israel
Israel,Swimming,Israel
Israel,Swimming,Israel
Israel,Swimming,Israel
Israel,Swimming,Israel
Italy,Archery,Italy
Italy,Archery,Italy
Italy,Athletics,Italy
Italy,Athletics,Italy
Italy,Athletics,Italy
Italy,Athletics,Italy
Italy,Athletics,Italy
Italy,Cycling Track,Italy
Italy,Cycling Track,Italy
Italy,Cycling Track,Italy
Italy,Cycling Track,Italy
Italy,Diving,Italy
Italy,Diving,Italy
Italy,Equestrian,Italy
Italy,Fencing,Italy
Italy,Fencing,Italy
Italy,Fencing,Italy
Italy,Fencing,Italy
Italy,Fencing,Italy
Italy,Fencing,Italy
Italy,Artistic Gymnastics,Italy
Italy,Artistic Gymnastics,Italy
Italy,Rhythmic Gymnastics,Italy
Italy,Judo,Italy
Italy,Rowing,Italy
Italy,Rowing,Italy
Italy,Rowing,Italy
Italy,Rowing,Italy
Italy,Rowing,Italy
Italy,Rowing,Italy
Italy,Rowing,Italy
Italy,Rowing,Italy
Italy,Shooting,Italy
Italy,Artistic Swimming,Italy
Italy,Artistic Swimming,Italy
Italy,Swimming,Italy
Italy,Swimming,Italy
Italy,Swimming,Italy
Italy,Swimming,Italy
Italy,Swimming,Italy
Italy,Swimming,Italy
Italy,Swimming,Italy
Italy,Swimming,Italy
Italy,Shooting,Italy
Italy,Swimming,Italy
Italy,Swimming,Italy
Italy,Swimming,Italy
Italy,Swimming,Italy
Italy,Swimming,Italy
Italy,Rowing,Italy
Italy,Swimming,Italy
Italy,Swimming,Italy
Italy,Swimming,Italy
Italy,Cycling Track,Italy
Italy,Cycling Track,Italy
Italy,Swimming,Italy
Italy,Triathlon,Italy
Italy,Volleyball,Italy
Italy,Volleyball,Italy
Italy,Water Polo,Italy
Italy,Water Polo,Italy
Italy 1,Shooting,Italy
Italy 2,Shooting,Italy
JACOME Antia / CORBERA Maria,Canoe Sprint,Spain
JAHN Lisa / KLIEMKE Hedi Moana,Canoe Sprint,Germany
Jamaica,Athletics,Jamaica
Jamaica,Athletics,Jamaica
Jamaica,Athletics,Jamaica
Jamaica,Athletics,Jamaica
Jamaica,Athletics,Jamaica
Jamaica,Athletics,Jamaica
Japan,Archery,Japan
Japan,Archery,Japan
Japan,Athletics,Japan
Japan,Athletics,Japan
Japan,Basketball,Japan
Japan,Basketball,Japan
Japan,Cycling Track,Japan
Japan,Cycling Track,Japan
Japan,Cycling Track,Japan
Japan,Cycling Track,Japan
Japan,Cycling Track,Japan
Japan,Equestrian,Japan
Japan,Equestrian,Japan
Japan,Football,Japan
Japan,Football,Japan
Japan,Fencing,Japan
Japan,Fencing,Japan
Japan,Fencing,Japan
Japan,Fencing,Japan
Japan,Artistic Gymnastics,Japan
Japan,Artistic Gymnastics,Japan
Japan,Handball,Japan
Japan,Hockey,Japan
Japan,Judo,Japan
Japan,Rowing,Japan
Japan,Rowing,Japan
Japan,Rugby Sevens,Japan
Japan,Rugby Sevens,Japan
Japan,Shooting,Japan
Japan,Artistic Swimming,Japan
Japan,Artistic Swimming,Japan
Japan,Swimming,Japan
Japan,Swimming,Japan
Japan,Swimming,Japan
Japan,Swimming,Japan
Japan,Swimming,Japan
Japan,Athletics,Japan
Japan,Table Tennis,Japan
Japan,Table Tennis,Japan
Japan,Volleyball,Japan
Japan,Volleyball,Japan
Japan,Water Polo,Japan
Jarry / Tabilo,Tennis,Chile
JARUDD Emil / JONSSON Hanna,Sailing,Sweden
JERWOOD Nia / NICHOLAS Conor,Sailing,Australia
JOMKOH Supak / KEDREN Kittinupong,Badminton,Thailand
JONES William / BARNES Justin,Sailing,Canada
JORGENSEN Emma Aastrand / MATTHIESEN Frederikke Hauge,Canoe Sprint,Denmark
KANG Min Hyuk / SEO Seung Jae,Badminton,Korea
KARLSSON Kristian / KALLBERG Christina,Table Tennis,Sweden
KAWANO M / OKADA K,Athletics,Japan
KAYNAR Alican / KAYNAKCI Beste,Sailing,Türkiye
Kazakhstan,Archery,Kazakhstan
Kazakhstan,Fencing,Kazakhstan
Kazakhstan,Judo,Kazakhstan
Kazakhstan,Shooting,Kazakhstan
Kazakhstan,Shooting,Kazakhstan
Kazakhstan 1,Shooting,Kazakhstan
Kazakhstan 2,Shooting,Kazakhstan
Kenya,Athletics,Kenya
Kenya,Rugby Sevens,Kenya
Kenya,Athletics,Kenya
Kenya,Volleyball,Kenya
Kerber / Siegemund,Tennis,Germany
Kichenok / Kichenok,Tennis,Ukraine
KIM So Yeong / KONG Hee Yong,Badminton,Korea
KIM Won Ho / JEONG Na Eun,Badminton,Korea
KISS Agnes Anna / NAGY Bianka,Canoe Sprint,Hungary
KITITHARAKUL Jongkolphan / PRAJONGJAI Rawinda,Badminton,Thailand
KLATT Martyna / WISNIEWSKA Helena,Canoe Sprint,Poland
KOCH Tiffany Amber / OLIVIER Esti,Canoe Sprint,South Africa
Koepfer / Struff,Tennis,Germany
KOHLHOFF Paul / STUHLEMMER Alica,Sailing,Germany
KONIJN Selma / VORSSELMAN Ruth,Canoe Sprint,Netherlands
KOPASZ Balint / VARGA Adam,Canoe Sprint,Hungary
KOROVASHKOV Alexey / SHTYL Ivan,Canoe Sprint,Russian Federation
Korpatsch / Maria,Tennis,Germany
Kostyuk / Yastremska,Tennis,Ukraine
Krajicek / Ram,Tennis,United States
KRAL Ondrej / MENDREK Adam,Badminton,Czechia
Krawietz / Puetz,Tennis,Germany
Krejcikova / Siniakova,Tennis,Czechia
KRETSCHMER Peter / HECKER Tim,Canoe Sprint,Germany
Krou/Gauthier-Rat,Beach Volleyball,France
KUKHARYK Oleh / TRUNOV Ihor,Canoe Sprint,Ukraine
KURTBAY Sinem / KESKINEN Akseli,Sailing,Finland
Kuwait,Shooting,Kuwait
LAMBERT Margot / TRAN Anne,Badminton,France
LAMBRIEX Bart / van de WERKEN Floris,Sailing,Netherlands
LAMSFUSS Mark / SEIDEL Marvin,Badminton,Germany
LANE Ben / VENDY Sean,Badminton,Great Britain
Latvia,3x3 Basketball,Latvia
Latvia,Shooting,Latvia
LEBRUN Alexis / YUAN Jia Nan,Table Tennis,France
LECOINTRE Camille / MION Jeremie,Sailing,France
LEE Yang / WANG Chi-Lin,Badminton,Chinese Taipei
LEFEBVRE Yannick / HEUNINCK Jan,Sailing,Belgium
LEGARTH Hamish / IMRIE Kurtis,Canoe Sprint,New Zealand
LEONARD Loic / BART Adrien,Canoe Sprint,France
LEWIN-LAFRANCE Georgia / LEWIN-LAFRANCE Antonia,Sailing,Canada
LIANG Wei Keng / WANG Chang,Badminton,China
Liberia,Athletics,Liberia
LIDDELL Brin / BROWN Rhiannan,Sailing,Australia
Liliana/Paula,Beach Volleyball,Spain
LIM Jonghoon / SHIN Yubin,Table Tennis,Korea
LIN Yun-Ju / CHEN Szu-Yu,Table Tennis,Chinese Taipei
Linette / Rosolska,Tennis,Poland
LINKE C / FEIGE S,Athletics,Germany
Lithuania,3x3 Basketball,Lithuania
Lithuania,Canoe Sprint,Lithuania
Lithuania,Rowing,Lithuania
Lithuania,Rowing,Lithuania
Lithuania,Rowing,Lithuania
Lithuania,Swimming,Lithuania
Lithuania,Swimming,Lithuania
LIU Hao / JI Bowen,Canoe Sprint,China
LIU Sheng Shu / TAN Ning,Badminton,China
LIU Yu Chen / OU Xuan Yi,Badminton,China
LOPEZ MA / MONTESINOS C,Athletics,Spain
LOVEMORE Hamish / BIRKETT Andrew James,Canoe Sprint,South Africa
Ludwig/Lippmann,Beach Volleyball,Germany
LUM Nicholas / JEE Minhyung,Table Tennis,Australia
LUZAN Liudmyla / RYBACHOK Anastasiia,Canoe Sprint,Ukraine
M.Grimalt/E.Grimalt,Beach Volleyball,Chile
Machac / Pavlasek,Tennis,Czechia
MACKENZIE Sloan / VINCENT Katie,Canoe Sprint,Canada
MAENHAUT van LEMBERGE Isaura / GEURTS Anouk,Sailing,Belgium
MAI Huicong / CHEN Linlin,Sailing,China
MAILLIARD Maria Jose / GOMEZ Paula,Canoe Sprint,Chile
MAJDALANI Mateo / BOSCO Eugenia,Sailing,Argentina
Malaysia,Archery,Malaysia
MALDONIS Mindaugas / OLIJNIK Andrej,Canoe Sprint,Lithuania
Mali,Football,Mali
MAMMERI Koceila / MAMMERI Tanina Violette,Badminton,Algeria
MAPASA Setyana / YU Angela,Badminton,Australia
Mariafe/Clancy,Beach Volleyball,Australia
MARTIN A / PEREZ M,Athletics,Spain
Marwa/D. Elghobashy,Beach Volleyball,Egypt
MATSUMOTO Mayu / NAGAHARA Wakana,Badminton,Japan
MATSUYAMA Nami / SHIDA Chiharu,Badminton,Japan
Mc NAY Stuart Pfeiffer / DALLMAN WEISS Lara Anne,Sailing,United States
McHARDIE Isaac / McKENZIE William,Sailing,New Zealand
Medvedev / Safiullin,Tennis,AIN
MEGGENDORFER Jakob / SPRANGER Andreas,Sailing,Germany
Mektic / Pavic,Tennis,Croatia
Melissa/Brandie,Beach Volleyball,Canada
MELZACKA Aleksandra / JANKOWIAK Sandra,Sailing,Poland
MENG Guanliang / YANG Wenjun,Canoe Sprint,China
MERMOD Yves / SIEGENTHALER Maja,Sailing,Switzerland
Mexico,Archery,Mexico
Mexico,Archery,Mexico
Mexico,Archery,Mexico
Mexico,Cycling Track,Mexico
Mexico,Diving,Mexico
Mexico,Diving,Mexico
Mexico,Diving,Mexico
Mexico,Equestrian,Mexico
Mexico,Rhythmic Gymnastics,Mexico
Mexico,Rowing,Mexico
Mexico,Shooting,Mexico
Mexico,Artistic Swimming,Mexico
Mexico,Artistic Swimming,Mexico
Mexico,Triathlon,Mexico
Mol/Sorum,Beach Volleyball,Norway
Monfils / Roger-Vasselin,Tennis,France
Mongolia,Judo,Mongolia
Mongolia,Shooting,Mongolia
Monteiro / Seyboth Wild,Tennis,Brazil
Montenegro,Water Polo,Montenegro
MONTINHO Matias / PAULO Manuela,Sailing,Angola
MORENO Joan Antoni / DOMINGUEZ Diego,Canoe Sprint,Spain
Morocco,Football,Morocco
MOURNIAC Tim / BERTHOMIEU Lou,Sailing,France
MRAK Tina / BOZIC Jakob,Sailing,Slovenia
Muchova / Noskova,Tennis,Czechia
Muller/Tillmann,Beach Volleyball,Germany
NADAS Bence / TOTKA Sandor,Canoe Sprint,Hungary
NADAS Bence / TOTKA Sandor,Canoe Sprint,Hungary
NAESS Helene / ROENNINGEN Marie,Sailing,Norway
NAJA Karolina / PULAWSKA Anna,Canoe Sprint,Poland
NASCIMENTO GODMANN Jacky Jamael / GUIMARAES QUEIROZ Isaquias,Canoe Sprint,Brazil
Netherlands,Archery,Netherlands
Netherlands,Archery,Netherlands
Netherlands,Athletics,Netherlands
Netherlands,Athletics,Netherlands
Netherlands,Athletics,Netherlands
Netherlands,Athletics,Netherlands
Netherlands,3x3 Basketball,Netherlands
Netherlands,Cycling Track,Netherlands
Netherlands,Cycling Track,Netherlands
Netherlands,Cycling Track,Netherlands
Netherlands,Cycling Track,Netherlands
Netherlands,Equestrian,Netherlands
Netherlands,Equestrian,Netherlands
Netherlands,Equestrian,Netherlands
Netherlands,Artistic Gymnastics,Netherlands
Netherlands,Artistic Gymnastics,Netherlands
Netherlands,Handball,Netherlands
Netherlands,Hockey,Netherlands
Netherlands,Hockey,Netherlands
Netherlands,Judo,Netherlands
Netherlands,Rowing,Netherlands
Netherlands,Rowing,Netherlands
Netherlands,Rowing,Netherlands
Netherlands,Rowing,Netherlands
Netherlands,Rowing,Netherlands
Netherlands,Rowing,Netherlands
Netherlands,Rowing,Netherlands
Netherlands,Rowing,Netherlands
Netherlands,Artistic Swimming,Netherlands
Netherlands,Swimming,Netherlands
Netherlands,Swimming,Netherlands
Netherlands,Swimming,Netherlands
Netherlands,Swimming,Netherlands
Netherlands,Swimming,Netherlands
Netherlands,Swimming,Netherlands
Netherlands,Cycling Track,Netherlands
Netherlands,Swimming,Netherlands
Netherlands,Rowing,Netherlands
Netherlands,Cycling Track,Netherlands
Netherlands,Swimming,Netherlands
Netherlands,Swimming,Netherlands
Netherlands,Rowing,Netherlands
Netherlands,Swimming,Netherlands
Netherlands,Swimming,Netherlands
Netherlands,Triathlon,Netherlands
Netherlands,Volleyball,Netherlands
Netherlands,Water Polo,Netherlands
New Zealand,Canoe Sprint,New Zealand
New Zealand,Canoe Sprint,New Zealand
New Zealand,Cycling Track,New Zealand
New Zealand,Cycling Track,New Zealand
New Zealand,Cycling Track,New Zealand
New Zealand,Cycling Track,New Zealand
New Zealand,Cycling Track,New Zealand
New Zealand,Equestrian,New Zealand
New Zealand,Football,New Zealand
New Zealand,Football,New Zealand
New Zealand,Hockey,New Zealand
New Zealand,Rowing,New Zealand
New Zealand,Rowing,New Zealand
New Zealand,Rowing,New Zealand
New Zealand,Rowing,New Zealand
New Zealand,Rowing,New Zealand
New Zealand,Rowing,New Zealand
New Zealand,Rowing,New Zealand
New Zealand,Rugby Sevens,New Zealand
New Zealand,Rugby Sevens,New Zealand
New Zealand,Artistic Swimming,New Zealand
New Zealand,Swimming,New Zealand
New Zealand,Rowing,New Zealand
New Zealand,Rowing,New Zealand
New Zealand,Swimming,New Zealand
New Zealand,Rowing,New Zealand
New Zealand,Rowing,New Zealand
New Zealand,Swimming,New Zealand
New Zealand,Rowing,New Zealand
New Zealand,Triathlon,New Zealand
NEWBERRY Sarah Lauren / LIEBENBERG David Wade,Sailing,United States
Nicolaidis/Carracher,Beach Volleyball,Australia
Nigeria,Athletics,Nigeria
Nigeria,Athletics,Nigeria
Nigeria,Athletics,Nigeria
Nigeria,Athletics,Nigeria
Nigeria,Basketball,Nigeria
Nigeria,Football,Nigeria
Nigeria,Athletics,Nigeria
Norway,Athletics,Norway
Norway,Canoe Sprint,Norway
Norway,Handball,Norway
Norway,Handball,Norway
Norway,Rowing,Norway
Norway,Rowing,Norway
Norway,Rowing,Norway
Norway,Rowing,Norway
Norway,Triathlon,Norway
Norway 1,Shooting,Norway
Norway 2,Shooting,Norway
NOVAKOVIC Marko / DRAGOSAVLJEVIC Marko,Canoe Sprint,Serbia
Nuss/Kloth,Beach Volleyball,United States
NYBORG Daniel / BUHL Nikolaj Hoffmann,Sailing,Denmark
OKADA Keiju / YOSHIOKA Miho,Sailing,Japan
PACHECO van RIJNSOEVER Tara / BARRIO GARCIA Andres,Sailing,Spain
Pakistan,Shooting,Pakistan
PALMA OLIVARES/GONZALEZ,Athletics,Mexico
PANWAR Suraj / PRIYANKA,Athletics,India
Papamichail / Sakkari,Tennis,Greece
Paraguay,Football,Paraguay
Partain/Benesh,Beach Volleyball,United States
PASZEK Paulina / HAKE Jule Marie,Canoe Sprint,Germany
Paulikiene/Raupelyte,Beach Volleyball,Lithuania
People's Republic of China,Archery,China
People's Republic of China,Archery,China
People's Republic of China,Archery,China
People's Republic of China,Athletics,China
People's Republic of China,3x3 Basketball,China
People's Republic of China,3x3 Basketball,China
People's Republic of China,Basketball,China
People's Republic of China,Canoe Sprint,China
People's Republic of China,Canoe Sprint,China
People's Republic of China,Cycling Track,China
People's Republic of China,Cycling Track,China
People's Republic of China,Diving,China
People's Republic of China,Diving,China
People's Republic of China,Diving,China
People's Republic of China,Diving,China
People's Republic of China,Fencing,China
People's Republic of China,Fencing,China
People's Republic of China,Fencing,China
People's Republic of China,Artistic Gymnastics,China
People's Republic of China,Artistic Gymnastics,China
People's Republic of China,Rhythmic Gymnastics,China
People's Republic of China,Hockey,China
People's Republic of China,Rowing,China
People's Republic of China,Rowing,China
People's Republic of China,Rowing,China
People's Republic of China,Rowing,China
People's Republic of China,Rowing,China
People's Republic of China,Rugby Sevens,China
People's Republic of China,Shooting,China
People's Republic of China,Artistic Swimming,China
People's Republic of China,Artistic Swimming,China
People's Republic of China,Swimming,China
People's Republic of China,Swimming,China
People's Republic of China,Swimming,China
People's Republic of China,Swimming,China
People's Republic of China,Swimming,China
People's Republic of China,Swimming,China
People's Republic of China,Swimming,China
People's Republic of China,Rowing,China
People's Republic of China,Swimming,China
People's Republic of China,Swimming,China
People's Republic of China,Swimming,China
People's Republic of China,Swimming,China
People's Republic of China,Swimming,China
People's Republic of China,Cycling Track,China
People's Republic of China,Swimming,China
People's Republic of China,Shooting,China
People's Republic of China,Swimming,China
People's Republic of China,Swimming,China
People's Republic of China,Swimming,China
People's Republic of China,Swimming,China
People's Republic of China,Swimming,China
People's Republic of China,Swimming,China
People's Republic of China,Swimming,China
People's Republic of China,Swimming,China
People's Republic of China,Swimming,China
People's Republic of China,Rowing,China
People's Republic of China,Swimming,China
People's Republic of China,Swimming,China
People's Republic of China,Swimming,China
People's Republic of China,Swimming,China
People's Republic of China,Swimming,China
People's Republic of China,Swimming,China
People's Republic of China,Swimming,China
People's Republic of China,Swimming,China
People's Republic of China,Swimming,China
People's Republic of China,Swimming,China
People's Republic of China,Swimming,China
People's Republic of China,Swimming,China
People's Republic of China,Swimming,China
People's Republic of China,Swimming,China
People's Republic of China,Swimming,China
People's Republic of China,Shooting,China
People's Republic of China,Swimming,China
People's Republic of China,Swimming,China
People's Republic of China,Swimming,China
People's Republic of China,Shooting,China
People's Republic of China,Swimming,China
People's Republic of China,Swimming,China
People's Republic of China,Athletics,China
People's Republic of China,Athletics,China
People's Republic of China,Table Tennis,China
People's Republic of China,Table Tennis,China
People's Republic of China,Volleyball,China
People's Republic of China,Water Polo,China
People's Republic of China 1,Shooting,China
People's Republic of China 1,Shooting,China
People's Republic of China 2,Shooting,China
People's Republic of China 2,Shooting,China
Perez / Ebden,Tennis,Australia
Perez / Saville,Tennis,Australia
Peru,Rowing,Peru
Peru,Shooting,Peru
Perusic/Schweiner,Beach Volleyball,Czechia
PETERS Hermien / BROEKX Lize,Canoe Sprint,Belgium
PETERS James / STERRITT Fynn,Sailing,Great Britain
PETROV Zakhar / KOROVASHKOV Alexey,Canoe Sprint,AIN
PINTADO BD / MOREJON G,Athletics,Ecuador
Placette/Richard,Beach Volleyball,France
Podoroska / Gonzalez,Tennis,Argentina
Poland,Athletics,Poland
Poland,Athletics,Poland
Poland,Athletics,Poland
Poland,Athletics,Poland
Poland,3x3 Basketball,Poland
Poland,Canoe Sprint,Poland
Poland,Cycling Track,Poland
Poland,Cycling Track,Poland
Poland,Equestrian,Poland
Poland,Equestrian,Poland
Poland,Equestrian,Poland
Poland,Fencing,Poland
Poland,Fencing,Poland
Poland,Fencing,Poland
Poland,Rowing,Poland
Poland,Rowing,Poland
Poland,Swimming,Poland
Poland,Swimming,Poland
Poland,Swimming,Poland
Poland,Swimming,Poland
Poland,Swimming,Poland
Poland,Swimming,Poland
Poland,Swimming,Poland
Poland,Swimming,Poland
Poland,Canoe Sprint,Poland
Poland,Athletics,Poland
Poland,Table Tennis,Poland
Poland,Volleyball,Poland
Poland,Volleyball,Poland
Poland 1,Shooting,Poland
Poland 2,Shooting,Poland
Poletti/Michelle,Beach Volleyball,Paraguay
POPOV Christo / POPOV Toma Junior,Badminton,France
Popyrin / de Minaur,Tennis,Australia
Portugal,Cycling Track,Portugal
Portugal,Equestrian,Portugal
Portugal,Triathlon,Portugal
Portugal,Table Tennis,Portugal
POULIN Pierre-Luc / McTAVISH Simon,Canoe Sprint,Canada
PRICE Olivia / HASELDINE Evie,Sailing,Australia
PUAVARANUKROH Dechapol / TAERATTANACHAI Sapsiree,Badminton,Thailand
Puerto Rico,Basketball,Puerto Rico
Puerto Rico,Basketball,Puerto Rico
PUPP Noemi / FOJT Sara,Canoe Sprint,Hungary
QIU Dang / MITTELHAM Nina,Table Tennis,Germany
QUINION A / BERETTA C,Athletics,France
RAHAYU Apriyani / RAMADHANTI Siti Fadia Silva,Badminton,Indonesia
RAMATULLA Bekarys / TOKARNYTSKYI Sergii,Canoe Sprint,Kazakhstan
Ranghieri/Carambula,Beach Volleyball,Italy
RANKIREDDY Satwiksairaj / SHETTY Chirag,Badminton,India
RAUHE Ronald / WIESKOTTER Tim,Canoe Sprint,Germany
Refugee Olympic Team,Judo,EOR
RENARD Axelle / DORANGE Eugenie,Canoe Sprint,France
RENDSCHMIDT Max / LIEBSCHER-LUCZ Tom,Canoe Sprint,Germany
Republic of Korea,Archery,Korea
Republic of Korea,Archery,Korea
Republic of Korea,Archery,Korea
Republic of Korea,Fencing,Korea
Republic of Korea,Fencing,Korea
Republic of Korea,Fencing,Korea
Republic of Korea,Artistic Gymnastics,Korea
Republic of Korea,Handball,Korea
Republic of Korea,Judo,Korea
Republic of Korea,Shooting,Korea
Republic of Korea,Artistic Swimming,Korea
Republic of Korea,Swimming,Korea
Republic of Korea,Swimming,Korea
Republic of Korea,Swimming,Korea
Republic of Korea,Swimming,Korea
Republic of Korea,Archery,Korea
Republic of Korea,Swimming,Korea
Republic of Korea,Archery,Korea
Republic of Korea,Archery,Korea
Republic of Korea,Swimming,Korea
Republic of Korea,Archery,Korea
Republic of Korea,Archery,Korea
Republic of Korea,Archery,Korea
Republic of Korea,Table Tennis,Korea
Republic of Korea,Table Tennis,Korea
Republic of Korea 1,Shooting,Korea
Republic of Korea 1,Shooting,Korea
Republic of Korea 2,Shooting,Korea
Republic of Korea 2,Shooting,Korea
Republic of Moldova,Archery,Republic of Moldova
RI Jong Sik / KIM Kum Yong,Table Tennis,DPR Korea
RIBEIRO Joao / BAPTISTA Messias,Canoe Sprint,Portugal
RIVALDY Rinov / MENTARI Pitha Haningtyas,Badminton,Indonesia
ROBLE Stephanie Marie / SHEA Margaret Droste,Sailing,United States
ROBLES Alvaro / XIAO Maria,Table Tennis,Spain
RODRIGUEZ/GARCIA LEON,Athletics,Peru
ROEHLINGS Lena / JAGSCH Pauline,Canoe Sprint,Germany
Romania,Artistic Gymnastics,Romania
Romania,Rowing,Romania
Romania,Rowing,Romania
Romania,Rowing,Romania
Romania,Rowing,Romania
Romania,Rowing,Romania
Romania,Rowing,Romania
Romania,Rowing,Romania
Romania,Rowing,Romania
Romania,Rowing,Romania
Romania,Rowing,Romania
Romania,Rowing,Romania
Romania,Rowing,Romania
Romania,Rowing,Romania
Romania,Rowing,Romania
Romania,Table Tennis,Romania
Romania,Water Polo,Romania
ROMERO M / ARENAS L,Athletics,Colombia
Routliffe / Sun,Tennis,New Zealand
Rus / Schuurs,Tennis,Netherlands
Russian Federation,Swimming,Russian Federation
Russian Federation,Swimming,Russian Federation
Russian Federation,Swimming,Russian Federation
Russian Federation,Swimming,Russian Federation
Russian Federation,Swimming,Russian Federation
SAKAI Akira Luke / ALYSWORTH Russell Williams,Sailing,"Hong Kong, China"
Sakkari / Tsitsipas,Tennis,Greece
Salisbury / Skupski,Tennis,Great Britain
Samoa,Rugby Sevens,Samoa
SAOUMA-PEDERSEN Natacha / BRUUN Mathias,Sailing,Denmark
Saudi Arabia,Equestrian,Saudi Arabia
Schachter/Dearing,Beach Volleyball,Canada
SCHMIDT Johanne / SCHMIDT Andrea,Sailing,Denmark
SCHNEITER Sébastien / de PLANTA Arno,Sailing,Switzerland
SCHOPF Jacob / LEMKE Max,Canoe Sprint,Germany
Schuurs / Koolhof,Tennis,Netherlands
SEO Seung Jae / CHAE Yu Jung,Badminton,Korea
Serbia,3x3 Basketball,Serbia
Serbia,Basketball,Serbia
Serbia,Basketball,Serbia
Serbia,Canoe Sprint,Serbia
Serbia,Canoe Sprint,Serbia
Serbia,Judo,Serbia
Serbia,Rowing,Serbia
Serbia,Shooting,Serbia
Serbia,Swimming,Serbia
Serbia,Swimming,Serbia
Serbia,Swimming,Serbia
Serbia,Volleyball,Serbia
Serbia,Volleyball,Serbia
Serbia,Water Polo,Serbia
Shibahara / Nishikori,Tennis,Japan
Siegemund / Zverev,Tennis,Germany
SIEMSEN Joao / ARNDT Marina,Sailing,Brazil
Singapore,Swimming,Singapore
Siniakova / Machac,Tennis,Czechia
Slovenia,Archery,Slovenia
Slovenia,Handball,Slovenia
Slovenia,Handball,Slovenia
Slovenia,Swimming,Slovenia
Slovenia,Table Tennis,Slovenia
Slovenia,Volleyball,Slovenia
SOFFIATTI GRAEL Marco / SIMOES Gabriel,Sailing,Brazil
SOFFIATTI GRAEL Martine / KUNZE Kahena,Sailing,Brazil
Sorribes Tormo / Granollers,Tennis,Spain
South Africa,Athletics,South Africa
South Africa,Athletics,South Africa
South Africa,Hockey,South Africa
South Africa,Hockey,South Africa
South Africa,Rowing,South Africa
South Africa,Rugby Sevens,South Africa
South Africa,Rugby Sevens,South Africa
South Africa,Swimming,South Africa
South Africa,Swimming,South Africa
South Africa,Swimming,South Africa
South Africa,Swimming,South Africa
South Africa,Swimming,South Africa
South Africa,Swimming,South Africa
South Africa,Swimming,South Africa
South Africa,Swimming,South Africa
South Africa,Athletics,South Africa
South Africa,Athletics,South Africa
South Sudan,Basketball,South Sudan
Spain,Archery,Spain
Spain,Athletics,Spain
Spain,Athletics,Spain
Spain,Athletics,Spain
Spain,3x3 Basketball,Spain
Spain,Basketball,Spain
Spain,Basketball,Spain
Spain,Canoe Sprint,Spain
Spain,Canoe Sprint,Spain
Spain,Cycling Track,Spain
Spain,Diving,Spain
Spain,Equestrian,Spain
Spain,Equestrian,Spain
Spain,Football,Spain
Spain,Football,Spain
Spain,Artistic Gymnastics,Spain
Spain,Rhythmic Gymnastics,Spain
Spain,Handball,Spain
Spain,Handball,Spain
Spain,Hockey,Spain
Spain,Hockey,Spain
Spain,Judo,Spain
Spain,Rowing,Spain
Spain,Rowing,Spain
Spain,Rowing,Spain
Spain,Rowing,Spain
Spain,Artistic Swimming,Spain
Spain,Artistic Swimming,Spain
Spain,Swimming,Spain
Spain,Swimming,Spain
Spain,Swimming,Spain
Spain,Swimming,Spain
Spain,Canoe Sprint,Spain
Spain,Swimming,Spain
Spain,Triathlon,Spain
Spain,Water Polo,Spain
Spain,Water Polo,Spain
SPANAKI Ariadni Paraskevi / SPANAKIS Odysseas Emmanouil,Sailing,Greece
SPICAR Jakub / HAVEL Daniel,Canoe Sprint,Czechia
SPRINCEAN Ilie / NUTA Oleg,Canoe Sprint,Romania
Stam/Schoon,Beach Volleyball,Netherlands
STANO M / PALMISANO A,Athletics,Italy
Stefani / Seyboth Wild,Tennis,Brazil
STENSILS Linnea / WIKBERG Moa,Canoe Sprint,Sweden
STEPUN Jakub / KORSAK Przemyslaw,Canoe Sprint,Poland
STEYAERT Sarah / PICON Charline,Sailing,France
STOEVA Gabriela / STOEVA Stefani,Badminton,Bulgaria
STOTT Courtney / DAVISON Natalie,Canoe Sprint,Canada
Sweden,Equestrian,Sweden
Sweden,Equestrian,Sweden
Sweden,Equestrian,Sweden
Sweden,Handball,Sweden
Sweden,Handball,Sweden
Sweden,Shooting,Sweden
Sweden,Swimming,Sweden
Sweden,Swimming,Sweden
Sweden,Swimming,Sweden
Sweden,Swimming,Sweden
Sweden,Swimming,Sweden
Sweden,Table Tennis,Sweden
Sweden,Table Tennis,Sweden
Switzerland,Athletics,Switzerland
Switzerland,Athletics,Switzerland
Switzerland,Athletics,Switzerland
Switzerland,Cycling Track,Switzerland
Switzerland,Equestrian,Switzerland
Switzerland,Equestrian,Switzerland
Switzerland,Artistic Gymnastics,Switzerland
Switzerland,Rowing,Switzerland
Switzerland,Rowing,Switzerland
Switzerland,Rowing,Switzerland
Switzerland,Rowing,Switzerland
Switzerland,Rowing,Switzerland
Switzerland,Swimming,Switzerland
Switzerland,Swimming,Switzerland
Switzerland,Triathlon,Switzerland
SZCZERBINSKA Sylwia / BOROWSKA Dorota,Canoe Sprint,Poland
TABELING Robin / PIEK Selena,Badminton,Netherlands
TAKAHASHI K / YANAI A,Athletics,Japan
TAN Pearly / THINAAH Muralitharan,Badminton,Malaysia
TANAKA Misaki / NAGAMATSU Sera,Sailing,Japan
TANG Chun Man / TSE Ying Suet,Badminton,"Hong Kong, China"
Thailand,Table Tennis,Thailand
Tina/Anastasija,Beach Volleyball,Latvia
TINGAY D / HENDERSON R,Athletics,Australia
TITA Ruggero / BANTI Caterina,Sailing,Italy
Trinidad and Tobago,Athletics,Trinidad and Tobago
Trinidad and Tobago,Athletics,Trinidad and Tobago
Tsitsipas / Tsitsipas,Tennis,Greece
Tunisia,Rowing,Tunisia
Türkiye,Archery,Türkiye
Türkiye,Archery,Türkiye
Türkiye,Artistic Gymnastics,Türkiye
Türkiye,Judo,Türkiye
Türkiye,Swimming,Türkiye
Türkiye,Volleyball,Türkiye
Türkiye 1,Shooting,Türkiye
Türkiye 2,Shooting,Türkiye
Ukraine,Archery,Ukraine
Ukraine,Athletics,Ukraine
Ukraine,Canoe Sprint,Ukraine
Ukraine,Diving,Ukraine
Ukraine,Diving,Ukraine
Ukraine,Diving,Ukraine
Ukraine,Diving,Ukraine
Ukraine,Football,Ukraine
Ukraine,Fencing,Ukraine
Ukraine,Fencing,Ukraine
Ukraine,Artistic Gymnastics,Ukraine
Ukraine,Rhythmic Gymnastics,Ukraine
Ukraine,Rowing,Ukraine
Ukraine,Rowing,Ukraine
Ukraine,Shooting,Ukraine
Ukraine,Artistic Swimming,Ukraine
UMPIERRE Hernan / DIZ Fernando,Sailing,Uruguay
Unified Team,Swimming,Unified Team
United Arab Emirates,Equestrian,UA Emirates
United States of America,Archery,United States
United States of America,Archery,United States
United States of America,Athletics,United States
United States of America,Athletics,United States
United States of America,Athletics,United States
United States of America,Athletics,United States
United States of America,Athletics,United States
United States of America,3x3 Basketball,United States
United States of America,3x3 Basketball,United States
United States of America,Basketball,United States
United States of America,Basketball,United States
United States of America,Cycling Track,United States
United States of America,Cycling Track,United States
United States of America,Diving,United States
United States of America,Diving,United States
United States of America,Diving,United States
United States of America,Equestrian,United States
United States of America,Equestrian,United States
United States of America,Equestrian,United States
United States of America,Football,United States
United States of America,Football,United States
United States of America,Fencing,United States
United States of America,Fencing,United States
United States of America,Fencing,United States
United States of America,Fencing,United States
United States of America,Fencing,United States
United States of America,Artistic Gymnastics,United States
United States of America,Artistic Gymnastics,United States
United States of America,Hockey,United States
United States of America,Rowing,United States
United States of America,Rowing,United States
United States of America,Rowing,United States
United States of America,Rowing,United States
United States of America,Rowing,United States
United States of America,Rowing,United States
United States of America,Rowing,United States
United States of America,Rowing,United States
United States of America,Rowing,United States
United States of America,Rowing,United States
United States of America,Rugby Sevens,United States
United States of America,Rugby Sevens,United States
United States of America,Artistic Swimming,United States
United States of America,Artistic Swimming,United States
United States of America,Swimming,United States
United States of America,Swimming,United States
United States of America,Swimming,United States
United States of America,Swimming,United States
United States of America,Swimming,United States
United States of America,Swimming,United States
United States of America,Swimming,United States
United States of America,Swimming,United States
United States of America,Swimming,United States
United States of America,Swimming,United States
United States of America,Swimming,United States
United States of America,Swimming,United States
United States of America,Swimming,United States
United States of America,Swimming,United States
United States of America,Swimming,United States
United States of America,Swimming,United States
United States of America,Swimming,United States
United States of America,Swimming,United States
United States of America,Swimming,United States
United States of America,Swimming,United States
United States of America,Swimming,United States
United States of America,Swimming,United States
United States of America,Shooting,United States
United States of America,Swimming,United States
United States of America,Swimming,United States
United States of America,Swimming,United States
United States of America,Swimming,United States
United States of America,Swimming,United States
United States of America,Swimming,United States
United States of America,Swimming,United States
United States of America,Swimming,United States
United States of America,Swimming,United States
United States of America,Swimming,United States
United States of America,Swimming,United States
United States of America,Swimming,United States
United States of America,Swimming,United States
United States of America,Swimming,United States
United States of America,Swimming,United States
United States of America,Swimming,United States
United States of America,Swimming,United States
United States of America,Swimming,United States
United States of America,Swimming,United States
United States of America,Swimming,United States
United States of America,Swimming,United States
United States of America,Swimming,United States
United States of America,Swimming,United States
United States of America,Swimming,United States
United States of America,Swimming,United States
United States of America,Swimming,United States
United States of America,Swimming,United States
United States of America,Swimming,United States
United States of America,Swimming,United States
United States of America,Swimming,United States
United States of America,Rowing,United States
United States of America,Swimming,United States
United States of America,Swimming,United States
United States of America,Swimming,United States
United States of America,Swimming,United States
United States of America,Swimming,United States
United States of America,Swimming,United States
United States of America,Swimming,United States
United States of America,Swimming,United States
United States of America,Swimming,United States
United States of America,Swimming,United States
United States of America,Swimming,United States
United States of America,Swimming,United States
United States of America,Swimming,United States
United States of America,Swimming,United States
United States of America,Swimming,United States
United States of America,Swimming,United States
United States of America,Swimming,United States
United States of America,Swimming,United States
United States of America,Shooting,United States
United States of America,Swimming,United States
United States of America,Swimming,United States
United States of America,Swimming,United States
United States of America,Swimming,United States
United States of America,Swimming,United States
United States of America,Swimming,United States
United States of America,Swimming,United States
United States of America,Swimming,United States
United States of America,Swimming,United States
United States of America,Swimming,United States
United States of America,Swimming,United States
United States of America,Swimming,United States
United States of America,Swimming,United States
United States of America,Swimming,United States
United States of America,Swimming,United States
United States of America,Swimming,United States
United States of America,Swimming,United States
United States of America,Swimming,United States
United States of America,Swimming,United States
United States of America,Swimming,United States
United States of America,Athletics,United States
United States of America,Athletics,United States
United States of America,Athletics,United States
United States of America,Athletics,United States
United States of America,Athletics,United States
United States of America,Athletics,United States
United States of America,Athletics,United States
United States of America,Athletics,United States
United States of America,Triathlon,United States
United States of America,Table Tennis,United States
United States of America,Volleyball,United States
United States of America,Volleyball,United States
United States of America,Water Polo,United States
United States of America,Water Polo,United States
United States of America 1,Shooting,United States
United States of America 1,Shooting,United States
United States of America 2,Shooting,United States
United States of America 2,Shooting,United States
Uruguay,Rugby Sevens,Uruguay
USSR,Athletics,USSR
Uzbekistan,Archery,Uzbekistan
Uzbekistan,Football,Uzbekistan
Uzbekistan,Rhythmic Gymnastics,Uzbekistan
Uzbekistan,Judo,Uzbekistan
Uzbekistan,Rowing,Uzbekistan
VADLAU Lara / MAEHR Lukas,Sailing,Austria
van AANHOLT Odile / DUETZ Annette,Sailing,Netherlands
van de Velde/Immers,Beach Volleyball,Netherlands
van der MEER Laila / BOUWER Bjarne,Sailing,Netherlands
van der WESTHUYZEN Jean / GREEN Tom,Canoe Sprint,Australia
VAZ de BACELAR da FONSECA Diogo Eu. / ALVES da SILVA JOÃO Carolina Maria,Sailing,Portugal
Vekic / Pavic,Tennis,Croatia
Venezuela,Fencing,Venezuela
VENYERCSAN B / RECSEI R,Athletics,Hungary
Vieira/Chamereau,Beach Volleyball,France
Vietnam,Archery,Vietnam
VINCENT-LAPOINTE Laurence / VINCENT Katie,Canoe Sprint,Canada
VIRIK Maria / SLETSJOEE Anna Margrete,Canoe Sprint,Norway
Wang / Zhang,Tennis,China
Wang / Zheng,Tennis,China
WANG Chuqin / SUN Yingsha,Table Tennis,China
WATANABE Yuta / HIGASHINO Arisa,Badminton,Japan
Watson / Salisbury,Tennis,Great Britain
WEN Zaiding / LIU Tian,Sailing,China
WILKINSON Micah James / DAWSON Erica Linda,Sailing,New Zealand
WONG Chun Ting / DOO Hoi Kem,Table Tennis,"Hong Kong, China"
Wozniacki / Rune,Tennis,Denmark
XAMMAR HERNANDEZ Jordi / BRUGMAN CABOT Nora,Sailing,Spain
XU Annie / XU Kerry,Badminton,United States
XU Shixiao / SUN Mengya,Canoe Sprint,China
XU Shixiao / SUN Mengya,Canoe Sprint,China
XU Zangjun / LYU Yixiao,Sailing,China
Xue/X.Y.Xia,Beach Volleyball,China
YE Hong Wei / LEE Chia Hsin,Badminton,Chinese Taipei
YEMELYANOV Sergey / KHAIDAROV Timur,Canoe Sprint,Kazakhstan
YEUNG Nga Ting / YEUNG Pui Lam,Badminton,"Hong Kong, China"
YU Shimeng / CHEN Yule,Canoe Sprint,China
Yuan / Zhang,Tennis,China
Zambia,Athletics,Zambia
Zambia,Football,Zambia
ZHANG Jun / YANG Jiayu,Athletics,China
ZHENG Si Wei / HUANG Ya Qiong,Badminton,China
